:020000040800F2
:10000000000002208DDA0008DDDA0008DDDA0008E1
:10001000DDDA0008DDDA0008DDDA000800000000A3
:10002000000000000000000000000000DDDA000811
:10003000DDDA000800000000DDDA0008E7BD000896
:10004000DDDA0008DDDA0008DDDA0008DDDA0008B4
:10005000DDDA0008DDDA0008DDBE0008E3BE0008D6
:10006000E9BE0008EFBE0008F5BE0008DDDA0008B2
:10007000DDDA0008DDDA0008DDDA0008DDDA000884
:10008000DDDA0008DDDA0008DDDA0008DDDA000874
:10009000DDDA0008DDDA0008DDDA0008FBBE000862
:1000A000FDB5000815B5000811B6000839B50008FF
:1000B0004DB5000861B5000875B500086157000826
:1000C0006D5700087957000885570008DDDA0008E9
:1000D000DDDA00083DCE000855CE000871CE0008DC
:1000E00023BF0008DDDA0008DDDA000825B60008C5
:1000F000C5B5000839B60008E9B50008DDDA000822
:10010000DDDA0008DDDA000889B50008DDDA00086C
:100110008DCE0008A5CE00089DB50008B1B5000839
:10012000DDDA0008DDDA0008DDDA0008DDDA0008D3
:10013000DDDA0008DDDA0008DDDA0008DDDA0008C3
:10014000DDDA0008DDDA0008DDDA0008DDDA0008B3
:10015000DDDA0008DDDA0008DDDA0008BDCE0008CF
:10016000915700089D570008DDDA0008DDDA000825
:10017000DDDA0008DDDA0008DDDA00080000000042
:08018000DDDA0008DDDA0008F9
:1001900010F8012B11F8013B012A28BF9A42F7D031
:1001A000D01A7047034613F8012B002AFBD1181A06
:1001B000013870470000000000000000000000004F
:1001C00001F0FF01102A2BDB10F0070F08D010F808
:1001D000013B013A8B422DD010F0070F42B3F6D10C
:1001E000F0B441EA012141EA014122F007047FF025
:1001F00000070023F0E80256083C85EA010586EA7C
:10020000010685FA47F5A3FA87F586FA47F6A5FAB7
:1002100087F68EB9EED1F0BC01F0FF0102F00702C3
:1002200032B110F8013B013A83EA010313B1F8D16E
:100230000020704701387047002D06BF354603384F
:10024000073815F0010F07D1013015F4807F02BF88
:10025000013015F4C03F0130F0BC0138704700BFD9
:1002600081F0004102E000BF83F0004330B54FEA67
:1002700041044FEA430594EA050F08BF90EA020FD4
:100280001FBF54EA000C55EA020C7FEA645C7FEA67
:10029000655C00F0E2804FEA5454D4EB5555B8BF8A
:1002A0006D420CDD2C4480EA020281EA030382EAFB
:1002B000000083EA010180EA020281EA0303362D8D
:1002C00088BF30BD11F0004F4FEA01314FF4801C60
:1002D0004CEA113102D0404261EB410113F0004F72
:1002E0004FEA03334CEA133302D0524263EB430329
:1002F00094EA050F00F0A780A4F10104D5F1200EC7
:100300000DDB02FA0EFC22FA05F2801841F1000121
:1003100003FA0EF2801843FA05F359410EE0A5F1F5
:1003200020050EF1200E012A03FA0EFC28BF4CF026
:10033000020C43FA05F3C01851EBE37101F00045DC
:1003400007D54FF0000EDCF1000C7EEB00006EEBE9
:100350000101B1F5801F1BD3B1F5001F0CD3490873
:100360005FEA30004FEA3C0C04F101044FEA4452CA
:1003700012F5800F80F09A80BCF1004F08BF5FEA51
:10038000500C50F1000041EB045141EA050130BD31
:100390005FEA4C0C404141EB0101013C28BFB1F543
:1003A000801FE9D291F0000F04BF01460020B1FA8E
:1003B00081F308BF2033A3F10B03B3F120020CDA61
:1003C0000C3208DD02F1140CC2F10C0201FA0CF03F
:1003D00021FA02F10CE002F11402D8BFC2F1200CA4
:1003E00001FA02F120FA0CFCDCBF41EA0C0190405A
:1003F000E41AA2BF01EB0451294330BD6FEA0404A3
:100400001F3C1CDA0C340EDC04F11404C4F120028D
:1004100020FA04F001FA02F340EA030021FA04F39F
:1004200045EA030130BDC4F10C04C4F1200220FAF6
:1004300002F001FA04F340EA0300294630BD21FA34
:1004400004F0294630BD94F0000F83F4801306BFFA
:1004500081F480110134013D4EE77FEA645C18BFEE
:100460007FEA655C29D094EA050F08BF90EA020F85
:1004700005D054EA000C04BF1946104630BD91EA7D
:10048000030F1EBF0021002030BD5FEA545C05D180
:100490004000494128BF41F0004130BD14F58004BF
:1004A0003CBF01F5801130BD01F0004545F0FE4133
:1004B00041F470014FF0000030BD7FEA645C1ABF68
:1004C000194610467FEA655C1CBF0B46024650EA9F
:1004D000013406BF52EA033591EA030F41F40021CB
:1004E00030BD00BF90F0000F04BF0021704730B551
:1004F0004FF4806404F132044FF000054FF0000126
:1005000050E700BF90F0000F04BF0021704730B5E6
:100510004FF4806404F1320410F0004548BF4042BB
:100520004FF000013EE700BF42004FEAE2014FEA10
:1005300031014FEA02701FBF12F07F4393F07F4FEB
:1005400081F06051704732F07F4208BF704793F0EE
:100550007F4F04BF41F40021704730B54FF4607401
:1005600001F0004521F000411CE700BF50EA010204
:1005700008BF704730B54FF000050AE050EA0102AD
:1005800008BF704730B511F0004502D5404261EB1D
:1005900041014FF4806404F132045FEA915C3FF45E
:1005A000D8AE4FF003025FEADC0C18BF03325FEAFB
:1005B000DC0C18BF033202EBDC02C2F1200300FAAC
:1005C00003FC20FA02F001FA03FE40EA0E0021FAD1
:1005D00002F11444BDE600BF70B54FF0FF0C4CF4BF
:1005E000E06C1CEA11541DBF1CEA135594EA0C0F71
:1005F00095EA0C0F00F0DEF82C4481EA030621EAAC
:100600004C5123EA4C5350EA013518BF52EA0335E6
:1006100041F4801143F4801338D0A0FB02CE4FF098
:100620000005E1FB02E506F00042E0FB03E54FF0C8
:100630000006E1FB03569CF0000F18BF4EF0010EC0
:10064000A4F1FF04B6F5007F64F5407404D25FEABC
:100650004E0E6D4146EB060642EAC62141EA55516F
:100660004FEAC52040EA5E504FEACE2EB4F1FD0CB1
:1006700088BFBCF5E06F1ED8BEF1004F08BF5FEA2F
:10068000500E50F1000041EB045170BD06F00046E1
:1006900046EA010140EA020081EA0301B4EB5C048E
:1006A000C2BFD4EB0C0541EA045170BD41F4801186
:1006B0004FF0000E013C00F3AB8014F1360FDEBFAB
:1006C000002001F0004170BDC4F10004203C35DA87
:1006D0000C341BDC04F11404C4F1200500FA05F30A
:1006E00020FA04F001FA05F240EA020001F00042AB
:1006F00021F0004110EBD37021FA04F642EB060121
:100700005EEA430E08BF20EAD37070BDC4F10C044A
:10071000C4F1200500FA04F320FA05F001FA04F20E
:1007200040EA020001F0004110EBD37041F10001FA
:100730005EEA430E08BF20EAD37070BDC4F1200505
:1007400000FA05F24EEA020E20FA04F301FA05F26D
:1007500043EA020321FA04F001F0004121FA04F215
:1007600020EA020000EBD3705EEA430E08BF20EAE5
:10077000D37070BD94F0000F0FD101F0004640001F
:1007800041EB010111F4801F08BF013CF7D041EAA1
:10079000060195F0000F18BF704703F000465200A5
:1007A00043EB030313F4801F08BF013DF7D043EA76
:1007B0000603704794EA0C0F0CEA135518BF95EA2C
:1007C0000C0F0CD050EA410618BF52EA4306D1D1B3
:1007D00081EA030101F000414FF0000070BD50EAD2
:1007E000410606BF1046194652EA430619D094EA5C
:1007F0000C0F02D150EA013613D195EA0C0F05D146
:1008000052EA03361CBF104619460AD181EA030199
:1008100001F0004141F0FE4141F470014FF0000051
:1008200070BD41F0FE4141F4780170BD70B54FF0EC
:10083000FF0C4CF4E06C1CEA11541DBF1CEA13556C
:1008400094EA0C0F95EA0C0F00F0A7F8A4EB05044E
:1008500081EA030E52EA03354FEA013100F0888045
:100860004FEA03334FF0805545EA131343EA12630E
:100870004FEA022245EA111545EA10654FEA0026C3
:100880000EF000419D4208BF964244F1FD0404F57C
:10089000407402D25B084FEA3202B61A65EB0305D8
:1008A0005B084FEA32024FF480104FF4002CB6EB95
:1008B000020E75EB030E22BFB61A754640EA0C0015
:1008C0005B084FEA3202B6EB020E75EB030E22BF55
:1008D000B61A754640EA5C005B084FEA3202B6EB96
:1008E000020E75EB030E22BFB61A754640EA9C0055
:1008F0005B084FEA3202B6EB020E75EB030E22BF25
:10090000B61A754640EADC0055EA060E18D04FEAE2
:10091000051545EA16754FEA06164FEAC30343EA82
:1009200052734FEAC2025FEA1C1CC0D111F4801F4F
:100930000BD141EA00014FF000004FF0004CB6E748
:1009400011F4801F04BF01430020B4F1FD0C88BFE7
:10095000BCF5E06F3FF6AFAEB5EB030C04BFB6EBF2
:10096000020C5FEA500C50F1000041EB045170BDE5
:100970000EF0004E4EEA113114EB5C04C2BFD4EB12
:100980000C0541EA045170BD41F480114FF0000E96
:10099000013C90E645EA060E8DE60CEA135594EA12
:1009A0000C0F08BF95EA0C0F3FF43BAF94EA0C0F15
:1009B0000AD150EA01347FF434AF95EA0C0F7FF48A
:1009C00025AF104619462CE795EA0C0F06D152EADE
:1009D00003353FF4FDAE1046194622E750EA4106C2
:1009E00018BF52EA43067FF4C5AE50EA41047FF4D3
:1009F0000DAF52EA43057FF4EBAE12E74FF0FF3C38
:100A000006E000BF4FF0010C02E000BF4FF0010C08
:100A10004DF804CD4FEA410C7FEA6C5C4FEA430C81
:100A200018BF7FEA6C5C1BD001B050EA410C0CBFD0
:100A300052EA430C91EA030F02BF90EA020F002032
:100A4000704710F1000F91EA030F58BF994208BF99
:100A500090422CBFD8176FEAE37040F00100704756
:100A60004FEA410C7FEA6C5C02D150EA013C07D1AD
:100A70004FEA430C7FEA6C5CD6D152EA033CD3D0F8
:100A80005DF8040B704700BF8446104662468C46F2
:100A90001946634600E000BF01B5FFF7B7FF002825
:100AA00048BF10F1000F01BD4DF808EDFFF7F4FF4E
:100AB0000CBF012000205DF808FB00BF4DF808EDD9
:100AC000FFF7EAFF34BF012000205DF808FB00BFFC
:100AD0004DF808EDFFF7E0FF94BF012000205DF81E
:100AE00008FB00BF4DF808EDFFF7CEFF94BF0120D3
:100AF00000205DF808FB00BF4DF808EDFFF7C4FFCC
:100B000034BF012000205DF808FB00BF4FEA410C14
:100B10007FEA6C5C02D150EA013C0AD14FEA430CF7
:100B20007FEA6C5C02D152EA033C02D14FF0000034
:100B300070474FF0010070474A0011D212F50012C1
:100B400011D20DD56FF47873B3EB62520ED44FEA25
:100B5000C12343F0004343EA505323FA02F07047A5
:100B60004FF00000704750EA013002D14FF0FF30E3
:100B700070474FF0000070474FEA4102B2F1E04386
:100B800024BFB3F5001CDCF1FE5C0DD901F0004C74
:100B90004FEAC0024CEA5070B2F1004F40EB8300C4
:100BA00008BF20F00100704711F0804F21D113F1F0
:100BB0003872BCBF01F00040704741F480114FEA29
:100BC0005252C2F11802C2F1200C10FA0CF320FAB2
:100BD00002F018BF40F001004FEAC1234FEAD323CF
:100BE00003FA0CFC40EA0C0023FA02F34FEA430339
:100BF000CCE77FEA625307D150EA01331EBF4FF0C2
:100C0000FE4040F44000704701F0004040F0FE40DC
:100C100040F40000704700BF80F0004002E000BFD9
:100C200081F0004142001FBF5FEA410392EA030FD7
:100C30007FEA226C7FEA236C6AD04FEA1262D2EB21
:100C40001363C1BFD218414048404140B8BF5B4226
:100C5000192B88BF704710F0004F40F4000020F0BF
:100C60007F4018BF404211F0004F41F4000121F0D5
:100C70007F4118BF494292EA030F3FD0A2F101021F
:100C800041FA03FC10EB0C00C3F1200301FA03F15D
:100C900000F0004302D5494260EB4000B0F5000F80
:100CA00013D3B0F1807F06D340084FEA310102F13F
:100CB0000102FE2A51D2B1F1004F40EBC25008BFF1
:100CC00020F0010040EA03007047490040EB0000BB
:100CD000013A28BFB0F5000FEDD2B0FA80FCACF1BC
:100CE000080CB2EB0C0200FA0CF0AABF00EBC250E9
:100CF00052421843BCBFD0401843704792F0000FD7
:100D000081F4000106BF80F400000132013BB5E729
:100D10004FEA41037FEA226C18BF7FEA236C21D09F
:100D200092EA030F04D092F0000F08BF0846704704
:100D300090EA010F1CBF0020704712F07F4F04D1D2
:100D4000400028BF40F00040704712F100723CBFE5
:100D500000F50000704700F0004343F0FE4040F40F
:100D6000000070477FEA226216BF08467FEA2363CD
:100D70000146420206BF5FEA412390EA010F40F4B8
:100D8000800070474FF0000304E000BF10F0004304
:100D900048BF40425FEA000C08BF704743F09643EB
:100DA00001464FF000001CE050EA010208BF704706
:100DB0004FF000030AE000BF50EA010208BF70478D
:100DC00011F0004302D5404261EB41015FEA010CA2
:100DD00002BF84460146002043F0B64308BFA3F19A
:100DE0008053A3F50003BCFA8CF2083AA3EBC2537C
:100DF00010DB01FA02FC634400FA02FCC2F120029B
:100E0000BCF1004F20FA02F243EB020008BF20F0D1
:100E10000100704702F1200201FA02FCC2F1200237
:100E200050EA4C0021FA02F243EB020008BF20EA2C
:100E3000DC7070477BB972B90029BEBF00204FF04B
:100E4000004106E008BF00281CBF6FF000414FF0D2
:100E5000FF3000F057B8ADF1080C6DE904CE002961
:100E600009DB002B1ADB11F041F8DDF804E0DDE9C5
:100E7000022304B07047404261EB4101002B1BDBB1
:100E800011F034F8DDF804E0DDE9022304B040425B
:100E900061EB4101524263EB43037047524263EB03
:100EA000430311F023F8DDF804E0DDE9022304B088
:100EB000404261EB41017047524263EB430311F042
:100EC00015F8DDF804E0DDE9022304B0524263EBDB
:100ED0004303704753B94AB9002908BF00281CBF13
:100EE0004FF0FF314FF0FF3000F00CB8ADF1080CBF
:100EF0006DE904CE10F0FAFFDDF804E0DDE902232D
:100F000004B07047704700BF10B5054C237833B963
:100F1000044B13B10448AFF300800123237010BDCC
:100F2000F802002000000000EC21010808B5034B86
:100F30001BB103490348AFF3008008BD0000000067
:100F4000FC020020EC210108002070477047F8B532
:100F500005460C468F180026BC4201D13046F8BD2C
:100F60002B6814F8011B1B68284698470644F3E7D2
:100F7000014B01221A7070477E040020024A0123AF
:100F80001370024A137070477D040020C055002082
:100F900038B504460D4603F0BDFA0B490CF00CFAC7
:100FA000204603F0B7FA29460CF00AFA204603F06F
:100FB000B1FA06490CF014FA204603F0ABFABDE88A
:100FC000384003490CF00CBA342201084B220108C6
:100FD0004D22010810B5044603F09CFA0E490CF0AE
:100FE000EBF9204603F096FA0C490CF0E5F920469F
:100FF00003F090FA0A490CF0DFF9204603F08AFA70
:1010000008490CF0D9F9204603F084FABDE81040F5
:1010100005490CF0E5B900BF7122010877220108EB
:101020007B220108822201088722010808B5054BAE
:1010300001221A7003F06EFABDE8084002490CF074
:10104000CFB900BFE05500209422010838B5074B06
:1010500000221A70064B00240025C3E9004503F066
:1010600059FABDE8384003490CF0BAB9E055002000
:10107000D8550020C322010808B5054B00221A707C
:1010800003F048FABDE8084002490CF0A9B900BFD6
:1010900075040020F322010808B5054B01221A70DF
:1010A00003F038FABDE8084002490CF099B900BFD6
:1010B000750400201123010808B5054B01221A70A0
:1010C00003F028FABDE8084002490CF089B900BFD6
:1010D000020000202C23010808B5054B01221A70DC
:1010E00003F018FABDE8084002490CF079B900BFD6
:1010F000D05500204123010808B5054B01221A7084
:1011000003F008FABDE8084002490CF069B900BFD5
:10111000010000209423010808B5054B01221A7034
:1011200003F0F8F9BDE8084002490CF059B900BFD6
:1011300074040020B623010810B5044603F0EAF950
:101140003E490CF039F9204603F0E4F93C490CF033
:1011500033F9204603F0DEF93A490CF02DF9204628
:1011600003F0D8F938490CF027F9204603F0D2F9FA
:1011700036490CF035F9204603F0CCF934490CF02F
:101180002FF9204603F0C6F932490CF029F9204620
:1011900003F0C0F930490CF023F9204603F0BAF906
:1011A0002E490CF01DF9204603F0B4F92C490CF03F
:1011B00017F9204603F0AEF92A490CF011F9204640
:1011C00003F0A8F928490CF00BF9204603F0A2F926
:1011D00026490CF005F9204603F09CF924490CF04F
:1011E000FFF8204603F096F922490CF0F9F8204662
:1011F00003F090F920490CF0F3F8204603F08AF947
:101200001E490CF0EDF8204603F084F91C490CF05F
:10121000E7F8204603F07EF91A490CF0E1F8204681
:1012200003F078F918490CF0DBF8204603F072F966
:10123000BDE8104015490CF0D3B800BF7122010879
:10124000772201087B2201088222010887220108F7
:10125000E2230108F8230108282401086124010879
:101260007B24010891240108EA24010820250108B3
:1012700072250108A9250108F72501085226010851
:10128000AD260108C92601082A27010859270108A7
:1012900010B52DED028B044603F0C8F990B9204635
:1012A00003F038F928490CF087F8204603F032F9AA
:1012B000BDEC028B254BBDE8104093ED000A0221E6
:1012C0000CF02DBA0CF0F8FD51EC100BFFF754FCAC
:1012D00008EE100AF7EE007AB4EEE78AF1EE10FAA3
:1012E00010DBDFED1B7AB4EEE78AF1EE10FA17D9C6
:1012F000204603F00FF9BDEC028B1649BDE8104003
:101300000CF06EB8FFEE007AB4EEE78AF1EE10FA58
:10131000EED8DFED117AB4EEE78AF1EE10FAE7DBF2
:10132000204603F0F7F80D490CF046F8204603F08C
:10133000F1F8B0EE480A02210CF0F1F9034B83ED0D
:10134000008ABDEC028B10BD5B2701082C00002039
:1013500000803B45B027010800803BC5912701086C
:1013600010B52DED028B044603F060F990B92046CC
:1013700003F0D0F828490CF01FF8204603F0CAF813
:10138000BDEC028B254BBDE8104093ED000A022115
:101390000CF0C5B90CF090FD51EC100BFFF7ECFB15
:1013A00008EE100AF7EE007AB4EEE78AF1EE10FAD2
:1013B00010DBDFED1B7AB4EEE78AF1EE10FA17D9F5
:1013C000204603F0A7F8BDEC028B1649BDE810409B
:1013D0000CF006B8FFEE007AB4EEE78AF1EE10FAF0
:1013E000EED8DFED117AB4EEE78AF1EE10FAE7DB22
:1013F000204603F08FF80D490BF0DEFF204603F086
:1014000089F8B0EE480A02210CF089F9034B83ED0C
:10141000008ABDEC028B10BDE527010828000020E2
:1014200000803B453A28010800803BC51B28010885
:1014300038B5044603F0FAF880B9204603F06AF89C
:1014400015490BF0B9FF204603F064F8134B0A224C
:1014500093F90010BDE838400CF021B80CF02FFDD6
:1014600000F117032E2B054620460ED803F052F844
:101470000B490BF0A1FF204603F04CF80A22294645
:101480000CF00DF8054B1D7038BD03F043F8BDE8B6
:10149000384004490BF0A4BF6F2801083500002034
:1014A000AE280108D6280108084B10B5198801316B
:1014B00089B20446022019800CF06EFB204603F02E
:1014C00029F8BDE8104002490BF08ABFF65300200E
:1014D00014290108084B10B519880A3189B204464D
:1014E000022019800CF058FB204603F013F8BDE8E9
:1014F000104002490BF074BFF65300202829010860
:10150000084B10B51988013989B2044602201980A8
:101510000CF042FB204602F0FDFFBDE810400249FE
:101520000BF05EBFF65300203E290108084B10B5B2
:1015300019880A3989B20446022019800CF02CFB64
:10154000204602F0E7FFBDE8104002490BF048BF1B
:10155000F65300205229010838B5044603F066F816
:1015600070B9204602F0D6FF15490BF039FF154B34
:1015700048F601311980BDE8384002200CF00CBB60
:101580000CF09DFC4FF6FE73421E9A420546204623
:101590000FD802F0BFFF0C490BF00EFF204602F0FF
:1015A000B9FF29460A220BF084FF064B29461D800D
:1015B000E1E702F0AFFFBDE8384004490BF010BF8F
:1015C00068290108F65300208E290108A129010885
:1015D00038B5044603F02AF878B9204602F09AFF9D
:1015E00014490BF0E9FE204602F094FF124B0A2248
:1015F0001978BDE838400BF075BF0CF060FC05466B
:10160000092D20460ED802F085FF0C490BF0D4FEC0
:10161000204602F07FFF0A2229460BF040FF064BCE
:101620001D7038BD02F076FFBDE8384004490BF06C
:10163000D7BE00BFEB290108E1550020252A01088B
:101640004E2A010838B502F065FF0F490F4D0BF027
:10165000C7FE0024204615F8011B013402F002FFEA
:10166000062CF7D10A4D29882046090A02F0FAFE15
:101670002978072002F0F6FE02F006FF054A012352
:101680001370054A137038BD892A01083A000020FA
:10169000F6530020B85500200200002038B502F0B3
:1016A00039FF0C490C4D0BF09BFE00242A88A3B295
:1016B0009A4208D802F0E8FE084B00221A70084B44
:1016C00001221A7038BDE1B2A0B202F0CBFE0134A3
:1016D000ECE700BFD32A010838000020B8550020ED
:1016E000020000202DE9F0411A4E1B4F0123054650
:1016F000337002F0BDFE0024A046204602F0ACFE8E
:1017000017F8013B0134984218BF86F80080062C78
:10171000F3D133782846ABB102F0FCFE0F490BF051
:101720005FFE204602F098FE0446072002F094FE79
:101730000B4B00EB042189B2BDE8F0410220198077
:101740000CF02ABA02F0E6FEBDE8F04105490BF0C4
:1017500047BE00BFB85500203A0000200D2B0108FD
:10176000F65300202F2B0108012A02D1016000202E
:101770007047022A05D0032AF9D0002AF7D1026067
:10178000F5E70B680360F2E703681847836810B554
:10179000044613B1032201469847204610BD0000BD
:1017A000DFF8FCC1734B9CF80000734A2DE9F0434D
:1017B00000F0FF0110B11968515C49B26F4F704ED3
:1017C00038781C686F4D40B210553878348844FA28
:1017D00080F000B2308038782C8844FA80F000B273
:1017E000694C28803878B4F800E04EFA80F000B2F6
:1017F0002080664897F800E0B0F8008048FA8EFE36
:101800000FFA8EFEA0F800E097F800E0604FB7F8FE
:10181000008048FA8EFE0FFA8EFEA7F800E0DFF88F
:1018200084E19EF80080B8F1000F18D0D3F8008052
:10183000B8F1090FB6F80080D3F8009096BF09F50B
:101840009C49A9F10A0909F1160912F809904FFA01
:1018500089F9A8EB09080FFA88F8A6F800804D4E20
:1018600096F80080B8F1000F18D0D3F80080B8F1D6
:10187000630FB5F80080D3F8009096BF09F59B4937
:10188000A9F1640909F13C0912F809904FFA89F9A4
:10189000A8EB09080FFA88F8A5F800803E4D95F8E6
:1018A0000080B8F1000F18D0D3F80080B8F57A7F27
:1018B000B4F80080D3F8009036BF09F59449A9F533
:1018C0007A7909F1380912F809904FFA89F9A8EBE9
:1018D00009080FFA88F8A4F80080304C94F80080CA
:1018E000B8F1000F18D0D3F8009042F20F78C1453C
:1018F000B0F80080D3F800908BBFA9F51C5909F50A
:101900001C59A9F1100909F1100912F8092052B265
:10191000A8EB020212B202809CF800201AB13A88A9
:10192000521A12B23A801A6801321A601A680A2AE8
:1019300004BF01228EF800201A68642A04BF012225
:1019400032701A68B2F57A7F04BF01222A701968D2
:1019500042F21072914204BF01222270196844F6CB
:101960002062914201BF01228CF8002000221A60FF
:10197000BDE8F083D0040020DE040020FE520020E9
:10198000DC040020DA040020D8040020D604002063
:10199000D4040020CB040020CA040020C904002085
:1019A000C8040020CC04002008B5394B1B7883B153
:1019B000384B188800B2FEF7A5FD374B0022FEF722
:1019C00035FF2DA3D3E90023FEF750FC334BC3E9C9
:1019D0000001334B1B7883B1324B188800B2FEF7FD
:1019E00091FD314B0022FEF721FF23A3D3E9002311
:1019F000FEF73CFC2D4BC3E900012D4B1B7883B156
:101A00002C4B188800B2FEF77DFD2B4B0022FEF711
:101A10000DFF19A3D3E90023FEF728FC274BC3E9E8
:101A20000001274B1B788BB1264B188800B2FEF7BC
:101A300069FD13A3D3E90023FEF7F8FE0EA3D3E953
:101A40000023FEF713FC204BC3E900011F4B1B785A
:101A50008BB11F4B188800B2FEF754FD0AA3D3E9DF
:101A60000023FEF7E3FE04A3D3E90023FEF7FEFB09
:101A7000184BC3E9000108BD00000000D01263410B
:101A8000000000000088C340000000000088D34030
:101A9000CC040020DC04002000002440C00400200E
:101AA000CB040020DA04002000005940B8040020D4
:101AB000CA040020D804002000408F40B004002059
:101AC000C9040020D6040020A8040020C804002077
:101AD000D4040020A0040020194B1A4A0020002141
:101AE000C3E9000100231360174A1360174A1380EB
:101AF000174A1380174A1380174A1380174A138016
:101B0000174A1370174A1370174A1370174A137045
:101B1000174A1370174A00200021C2E90001164A33
:101B2000C2E90001154AC2E90001154AC2E90001F3
:101B3000144AC2E90001144A1360144A1370704732
:101B40008804002098040020D0040020DC04002039
:101B5000DA040020D8040020D6040020D404002099
:101B6000CC040020CB040020CA040020C9040020BB
:101B7000C8040020C0040020B8040020B0040020E5
:101B8000A8040020A0040020780400200200002007
:101B90002DE9F84F2B200CF033F9DFF8C4A1B0FA8F
:101BA00080F149092B200CF0F3F89AF8003083F00B
:101BB00001038AF80030584B1A786AB14FF080421E
:101BC000564DD26B2A6000221A70554B1B7803F0D9
:101BD000FF047BB3FFF780FF524B1968012903D044
:101BE000022900F09180002103200CF0D1F89AF82E
:101BF0000030EBB14C4A13780133DBB23B2B13704E
:101C000016D900211170494A13780133DBB23B2BFE
:101C100013700DD91170464A13780133DBB2172BBC
:101C2000137005D91170434A138801339BB2138096
:101C3000BDE8F88FDFF82C912A68D9F800309A4275
:101C40005BD03D4B3D4A3E49012018701368034468
:101C500013602A68D9F800309A420BD2D1E90023E8
:101C6000161843F10007C1E90067364B1A78002ABD
:101C700047D01C70D1E900782968334CDFF8E88040
:101C8000002672183B46C4E90023D4E90023D8E9B2
:101C90000001904271EB03032FD2D4E900BCD8E9D4
:101CA0000001BBEB00026CEB01032849914276EB8B
:101CB00003031ED2D4E900BCD8E90001BBEB00024B
:101CC0006CEB01032249914276EB030311D3D4E973
:101CD0000067D8E90001321A67EB01031D49C1E929
:101CE0000023D1E900231C4B803A52B21A70FFF74F
:101CF00057FDD4E90023C8E900232B68C9F8003058
:101D00006AE7164B1870B5E703200CF079F8B0FAC3
:101D100080F1490968E700BF7D0400209C04002091
:101D20000200002024000020025300200353002062
:101D30000453002000530020F453002078040020B6
:101D4000800400207E040020900400208C949800E1
:101D50007398980008000020FE5200207C040020A8
:101D6000FF5200209804002088040020C2B24A2AB2
:101D7000F0B5404D404C44DC00F4E0633F4850F87F
:101D80002220134313F008024ED1C3F30310082896
:101D90006BD803F00F0255F8207054F8222092FA05
:101DA000A2F6B6FA86F6D7F820C092FAA2F2B600EA
:101DB0004FF00F0EB2FA82F20EFA06F692002CEAFB
:101DC000060601FA02F232433A6203F00F0355F8B5
:101DD000201054F8233093FAA3F2B2FA82F2086882
:101DE00093FAA3F35200032404FA02F2B3FA83F342
:101DF00020EA02005B00022202FA03F303430B60B5
:101E0000F0BD00F0C003C02B0CD1CF2A0ADC1C4B64
:101E100000F03F0253F82260184A00F4E06352F8E1
:101E20002620AEE74FF0FF33C3F3031008281ED877
:101E300003F00F0255F8207054F82220D7F824C080
:101E4000120A92FAA2F6B6FA86F6B6004FF00F0E14
:101E500092FAA2F2B2FA82F20EFA06F692002CEA96
:101E60000606914031437962AFE7136AFFDE002333
:101E70005B6AFBE76C0000206C3A0108C84301086C
:101E80008843010838B5264B0F24A3F108052448E0
:101E900005F09EF9002323492348A5F84C300BF0A8
:101EA0008BFA224920480BF087FA21491E480BF093
:101EB00083FA4FF400731F491B48A5F84C300BF010
:101EC0007BFA4FF440731C491748A5F84C300BF0CF
:101ED00073FA40F205430A2221461348A5F84C3014
:101EE0000BF0DBFA154910480BF066FA14480BF0BA
:101EF0006FFA144912480BF05FFA0A222146104883
:101F00000BF0CBFA10490E480BF06AFA4FF47A70D6
:101F10000BF0B4FF013CBAD10C4B1C7038BD00BFB4
:101F20000054002071220108F85300207722010894
:101F30007B2201086F2B01087F2B01086F2201080B
:101F4000E47800208B2B01089D2B01080000002065
:101F50002DE9F84F904D9148914CDFF8A49202235F
:101F60002B600BF035FA8F498C480BF025FA8B4823
:101F70000BF02EFA8C4805F02BF900238B49A4F8BE
:101F80004C3020460BF018FA894920460BF014FA21
:101F9000884920460BF010FA4FF400738149A4F8E9
:101FA0004C3020460BF008FA4FF440738249A4F8F5
:101FB0004C3020460BF000FA99F80030002B00F06E
:101FC000DA807E4975480BF00BFA7D4973480BF0B7
:101FD000F3F90A220F2171480BF05FFA79496F4833
:101FE0000BF0FEF94FF4F04102200BF0D5FD0E246A
:101FF0000A22214669480BF050FA734967480BF0F2
:10200000DBF94FF47A700BF039FF013CF0D26348F2
:10201000DFF8F0810BF0DCF96C4960480BF0CCF98B
:10202000FFF7C2FCD8E90067012147EC106B5B4861
:102030000BF03AFC664959480BF0D2F957480BF0BF
:10204000C7F999F80030002B00F09A806149534895
:102050000BF0C6F9604951480BF0C2F90A220F2172
:102060004E480BF01AFA57494C480BF0B9F94FF4A7
:10207000484102200BF090FD0E240A2221464748D9
:102080000BF00BFA504945480BF096F94FF47A7073
:102090000BF0F4FE013CF0D24048504C0BF098F9A4
:1020A0004F493E480BF088F9FFF77EFCD8E900ABBA
:1020B00001214BEC10AB39480BF0F6FB4449374893
:1020C0000BF08EF935480BF083F931A3D3E90023E7
:1020D00030463946FEF7C8F83246804689463B46C8
:1020E00050465946FEF7C0F83E4B0022FEF79EFBD5
:1020F00002460B4640464946FEF798FB0B46024611
:1021000039490020FEF7B0F8FEF716FD3749208068
:1021100022480BF051F90A22218820480BF0BFF920
:10212000218802200BF038FD1C480BF051F9304992
:102130001A480BF041F919480BF04AF91A4805F012
:1021400047F8174B194918460024A3F84C400BF0E8
:1021500033F9174912480BF02FF9164910480BF0C4
:102160002BF9244A2C6001231370234A1470234A4C
:102170001370BDE8F88F4FF47A700BF07FFE1BE709
:102180004FF47A700BF07AFE5BE700BFAFF300808C
:1021900000000000D012634124000020E4780020F9
:1021A000F8530020A92B01080054002071220108D7
:1021B000772201087B2201087F2B0108B82B010838
:1021C000D82B01086F22010818280108F42B0108F8
:1021D0001B2C01081F2C01083F2C0108F65300207E
:1021E0005B2C01080000D4400000DE40822C010876
:1021F000932C01080200002001000020D05500208F
:10220000CC040020C004002030B5D1492DED028B54
:10221000D1E9002395B0013243F100030A250446B9
:10222000C1E9002300950BF0D8F9CA4920460BF00C
:10223000C7F8C94B2A46197820460BF051F9C7490F
:1022400020460BF0B9F8C64B2A46197820460BF009
:1022500047F9C24920460BF0AFF8C24B2A4619880D
:10226000C14D20460BF019F9C04920460BF0A4F8E7
:102270002B78092B03D8BE4920460BF09DF829780E
:10228000BC4D0A2220460BF02BF9BB4920460BF02F
:1022900093F82B78092B03D8B54920460BF08CF81E
:1022A0002978B64D0A2220460BF01AF9B249204689
:1022B0000BF082F82B78092B03D8AD4920460BF0A0
:1022C0007BF80A2229789FEDAE8A20460BF008F9A8
:1022D000A04920460BF074F8AA4920460BF070F88C
:1022E000A24920460BF068F8A74920460BF068F891
:1022F000984920460BF064F80A25A44B0095D3E9D1
:10230000002320460BF069F9924920460BF058F85B
:102310009F4B0095D3E9002320460BF05EF98D49D1
:1023200020460BF04DF89B4B012193ED000B20460E
:102330000BF0BAFA874920460BF042F8964B02217F
:1023400093ED000B20460BF0AFFA824920460BF0CC
:1023500037F8924B032193ED000B20460BF0A4FAC3
:102360007C4920460BF02CF88D4B042193ED000B9B
:1023700020460BF099FA774920460BF021F8894B5B
:10238000052193ED000B20460BF08EFA7149204693
:102390000BF016F8844B2A46197820460BF0A0F86B
:1023A0006C4920460BF00CF8804BDFED817A93ED01
:1023B000000AB8EE400A022180EE270A20460BF000
:1023C000A9F9644920460AF0FBFF7A4B2A4619888E
:1023D00020460BF062F85F4920460AF0F1FF764B89
:1023E000B3F9003007EE903AF8EEE77A67EE887AB4
:1023F00017EE900AFEF798F851A3D3E90023FEF7F1
:10240000EBF8FEF7B9FB022100EE100A20460BF0B4
:1024100081F9504920460AF0D3FF684BB3F90030E8
:1024200007EE903AF8EEE77A67EE887A17EE900AB0
:10243000FEF77AF842A3D3E90023FEF7CDF802466F
:102440000B46FDF713FFFEF797FB022100EE100A83
:1024500020460BF05FF93F4920460AF0B1FF584B88
:10246000B3F9000007EE900AF8EEE77A17EE900A4B
:10247000FEF75AF802460B4633A1D1E90001FEF7F8
:10248000D5F9FEF779FB022100EE100A20460BF089
:1024900041F9304920460AF093FF4A4B012193ED60
:1024A000000A20460BF036F92A4920460AF088FF38
:1024B000454B012193ED000A20460BF02BF92549ED
:1024C00020460AF07DFF0BAA02A9404803F082FAD9
:1024D0009DED100A022120460BF01CF91D492046F3
:1024E0000AF06EFF9DED070A022120460BF012F95B
:1024F000184920460AF064FF354B022193ED000A8B
:1025000020460BF007F9134920460AF059FF314BDA
:10251000002193ED000A20460BF0FCF80D492046FF
:102520000AF04EFF124920460AF04AFF20460AF000
:102530004FFF15B0BDEC028B30BD00BFAFF3008084
:102540006666666666660A405C8FC2F5285CB340C4
:10255000D85500205927010813530020A52C010845
:10256000125300201053002016530020C32E0108E0
:10257000F82E010815530020F623010814530020FB
:102580000000803914000020190000209004002071
:1025900008000020C0040020B8040020B00400207F
:1025A000A8040020A00400201C5300201853002081
:1025B0000000C842F65300207853002094530020B6
:1025C000B053002034530020305300206C540020BE
:1025D000545400205054002070B52DED028B044659
:1025E00094B0D349D34D0AF0E7FED34920460AF010
:1025F000E7FED24920460AF0DFFED14920460AF024
:10260000F9FED04920460AF0EBFECF4B9FEDCF7A82
:10261000D3ED007ACE49F8EE677A204687EE878AB6
:102620000AF0CAFECB4B0621204693ED000A0BF0C0
:1026300071F8C94920460AF0BFFEC84B062193ED48
:10264000000A20460BF066F8C54920460AF0B4FEA1
:10265000C44B012193ED000A20460BF05BF8C24900
:1026600020460AF0BDFEC14920460AF0A5FEC04B37
:102670000A22197820460AF033FFBE4920460AF0A4
:102680009BFE0221B0EE480A20460BF048F8BA49FA
:1026900020460AF091FE2B78092B03D8B749204633
:1026A0000AF08AFE2978B64D0A2220460AF018FF61
:1026B000B44920460AF080FE2B78092B03D8AF4995
:1026C00020460AF079FE2978AF4D0A2220460AF00A
:1026D00007FFAC4920460AF06FFE2B78092B03D880
:1026E000A64920460AF068FE0A2229789FEDA78AAB
:1026F00020460AF0F5FEA64920460AF05DFEA54BED
:102700000A22197820460AF0EBFEA34920460AF077
:1027100053FEA24B0A22197820460AF0E1FE9E4998
:1027200020460AF049FE9E4B0A22198820460AF0EC
:10273000B6FE20460AF04CFE9A4920460AF050FEAA
:10274000994BB3F9003007EE903AF8EEE77A67EE6E
:10275000887A17EE900AFDF7E7FE71A3D3E900230C
:10276000FDF73AFFFEF708FA08EE900A8F49204677
:102770000AF022FEB0EE680A022120460AF0CAFFE3
:102780008B4920460AF018FE8A4920460AF014FEBA
:10279000894B0A22198820460AF07FFE874B1B7856
:1027A000002B00F0EF81864920460AF005FE204606
:1027B0000AF00EFE834B844DB3F9003007EE903AD9
:1027C000F8EEE77A0A2667EE887A17EE900AFDF7A8
:1027D000ABFE53A3D3E90023FDF7FEFE02460B46F2
:1027E000FDF744FDFEF7C8F908EE900A7749204648
:1027F0000AF0E2FDB0EE680A022120460AF08AFFE4
:102800006B4920460AF0ECFD714BB3F9000007EE6E
:10281000900AF8EEE77A17EE900AFDF785FE024679
:102820000B4641A1D1E90001FEF700F8FEF7A4F93B
:1028300008EE900A674920460AF0BEFDB0EE680A2D
:10284000022120460AF066FF594920460AF0C8FDD9
:10285000614920460AF0B0FD604B022193ED000A69
:1028600020460AF057FF524920460AF0B9FD5C495C
:1028700020460AF0A1FD5B4B002193ED000A2046A3
:102880000AF048FF584920460AF0AAFD5749204659
:102890000AF092FD564BB3F9003007EE903AF8EE8D
:1028A000E77A67EE887A17EE900AFDF73DFE1CA3E3
:1028B000D3E90023FDF790FE41EC100B02212046E6
:1028C0000AF0F2FF3A4920460AF08AFD20460AF053
:1028D0007FFD484920460AF083FD474920460AF01B
:1028E0006BFD464B0096D3E9002320460AF082FE9A
:1028F000434920460AF060FDD5E90001414A002322
:10290000FEF7E8FA1A4340F04A81D5E900013D4A52
:102910000023FEF7DFFA009676E000BFAFF30080F9
:102920006666666666660A405C8FC2F5285CB340E0
:10293000A72C01081653002014000020C32E010804
:1029400019000020B02C0108185300200000C842D4
:10295000BE2C010828530020C42C01082453002059
:10296000CB2C0108205300208C2E0108D22C01080A
:102970001C530020D92C0108E12C0108F82E010875
:1029800015530020F623010814530020000080395D
:10299000EC2C010813530020A52C01081253002031
:1029A00010530020F42C010878530020FF2C01085C
:1029B000D62B0108092D0108F653002075040020CC
:1029C000112D01089453002008000020602D0108FB
:1029D000B0530020662D01086C2D010854540020CE
:1029E0007B2D0108505400208A2D01088D2D0108EF
:1029F000CC530020962D0108AE2D01089004002034
:102A0000BF2D010840420F0002460B4620460AF047
:102A1000E4FD7B497B4D20460AF0CEFC20460AF0BF
:102A2000D7FC794920460AF0C7FCD5E9000100220D
:102A30000023FEF739F8002800F0B9807349744D7F
:102A400020460AF0CDFC734920460AF0B5FCD5E9D2
:102A5000000100220023FEF727F8002800F0AF80D5
:102A60006A496D4D20460AF0BBFC6C4920460AF0CD
:102A7000A3FCD5E9000100220023FEF715F8002889
:102A800000F0A5806149664D20460AF0A9FC654921
:102A900020460AF091FCD5E9000100220023FEF750
:102AA00003F8002800F09B8058495F4D20460AF04B
:102AB00097FC5E4920460AF07FFCD5E90001002220
:102AC0000023FDF7F1FF002800F091804F492046D8
:102AD0000AF086FC20460AF07BFC554920460AF0A5
:102AE0006BFC544B012193ED000A20460AF012FEC4
:102AF000514920460AF07EFC504920460AF05CFC11
:102B00004F4B012193ED000A20460AF003FE4D4988
:102B100020460AF06FFC4C4920460AF04DFC4B4B16
:102B2000012193ED000A20460AF0F4FD48492046B1
:102B30000AF060FC0BAA02A9464802F04BFF464986
:102B400020460AF039FC9DED100A022120460AF0C9
:102B5000E1FD394920460AF043FC404920460AF08D
:102B60002BFC9DED070A022120460AF0D3FD3C49CB
:102B700020460AF035FC20460AF02AFC14B0BDECD1
:102B8000028B70BD374920460AF016FC36492046B4
:102B90000AF012FC354920460AF02CFC07E60096A4
:102BA000D5E9002320460AF018FD314932E701211A
:102BB00095ED000B20460AF077FE2D493FE70221F4
:102BC00095ED000B20460AF06FFE294949E70321E5
:102BD00095ED000B20460AF067FE254953E70421D6
:102BE00095ED000B20460AF05FFE21495DE70521C7
:102BF00095ED000B20460AF057FE1D4967E700BF20
:102C0000CB2D0108C0040020D02D0108E82D0108BB
:102C1000B8040020ED2D0108B0040020052E0108A5
:102C2000A80400201D2E0108A0040020352E010854
:102C30004D2E010834530020632E0108672E010831
:102C400030530020732E0108782E01082C530020E9
:102C50008B2E01086C5400208E2E0108A22E010834
:102C6000AD2E01083A2D0108562D01083000002034
:102C70001B2C010800000000B94A38B50F23A2F848
:102C80004C30B84BB84C1B78002B00F03D812378BA
:102C9000DB0700F13981B54910460AF08DFBB04AD7
:102CA000B3494FF480731046A2F84C300AF084FB0D
:102CB000B04B1B78002B00F09B81AF4B1B78002B97
:102CC00000F02581AD4DA0A3D3E90023D5E9000193
:102CD000FDF7F4FEA24A4FF48173A2F84C3018B10C
:102CE000A74910460AF06CFB022195ED000B9C48A9
:102CF0000AF0DAFDA3499A4D99480AF061FB4FF4B6
:102D00000073A5F84C30A04B062193ED000A28462D
:102D10000AF000FD4FF44073A5F84C309B4B0621A0
:102D200093ED000A28460AF0F5FC4FF48063A5F8FD
:102D30004C30974B022193ED000A28460AF0EAFC3A
:102D4000944928460AF038FB40F20943A5F84C3074
:102D50002846914D91490AF02FFB297880480A2294
:102D60000AF0BEFB2B78092B03D885497C480AF072
:102D700023FB7B4D8A494FF4A0632846A5F84C30CD
:102D80000AF01AFB874928460AF01AFB7C492846B4
:102D90000AF012FB284684490AF012FB4FF4C06384
:102DA000A5F84C30814D2B78092B03D880496C480D
:102DB0000AF002FB29786A487E4D0A220AF090FB4D
:102DC0007D4967480AF0F8FA2B78092B03D878492F
:102DD00063480AF0F1FA297861480A220AF080FB78
:102DE00075495F480AF0E8FA2378092B03D870493F
:102DF0005B480AF0E1FA21785948594C0A220AF056
:102E00006FFB6E4956480AF0D7FA4FF4E063A4F816
:102E10004C306B4B0A22197820460AF061FB694955
:102E200020460AF0C9FA684B0A22197820460AF0AF
:102E300057FB644920460AF0BFFA644B0A221988FE
:102E400020460AF02AFB40F20A63A4F84C30604B9B
:102E5000012193ED000A20460AF05CFC5D49204602
:102E60000AF0AAFA40F20B23A4F84C305A4BB3F9FB
:102E7000000007EE900AFAEECA7A17EE900AFDF704
:102E800053FB33A3D3E90023FDF7A6FB02460B4611
:102E9000FDF7ECF9FDF770FE022100EE100A204666
:102EA0000AF038FC4D4920460AF086FA40F20B330E
:102EB000A4F84C304A4BB3F9000007EE900AF8EE44
:102EC000E77A17EE900AFDF72FFB02460B4622A188
:102ED000D1E90001FDF7AAFCFDF74EFE022100EE4C
:102EE000100A20460AF016FC3C4920460AF064FA13
:102EF00040F20B73A4F84C303A4B204619880A2252
:102F0000BDE838400AF0C9BA1D491548C5E6364D36
:102F10000DA3D3E90023D5E90001FDF7CFFD104A49
:102F20004FF48173A2F84C3018B1154910460AF0DD
:102F300047FA012195ED000B09480AF0B5FC2B4931
:102F4000D9E600BFAFF3008000000000D01263415B
:102F50006666666666660A405C8FC2F5285CB340AA
:102F6000F85300207504002014530020DD2E0108C2
:102F7000B22E0108CC040020CB040020B8040020AD
:102F8000C32E0108B52E0108285300202453002029
:102F900020530020C52E01081C530020C92E010813
:102FA000CF2E010814000020190000201653002025
:102FB000F82E010815530020F6230108C22E01083F
:102FC00013530020A52C0108125300201053002099
:102FD00034530020652E010894530020D62B01089D
:102FE000B0530020F6530020C0040020B92E010881
:102FF0000C4B0D4DD3E900232A602A680B4B9A42F3
:103000000B4A4FF48173A2F84C3003D209491046A1
:103010000AF0D6F9296806480A220AF054FA064945
:1030200069E600BF0800002010000020809698008C
:10303000F8530020C32E0108BE2E010807B5164A1A
:10304000164B12781B7832B1154A92F900201344BE
:10305000172B15DD183B134A1178642202FB03116C
:10306000114B1B7813F001030ED10193042300933D
:103070000E480123E02203F03DFD03B05DF804FBA0
:10308000002BB8BF1833E6E700230093074804235A
:10309000012203F047FDF0E7360000201653002020
:1030A0003500002015530020145300204854002000
:1030B00030B52D482D4B01780A22B1FBF2F13031A9
:1030C00019700178B1FBF2F002FB10112848303181
:1030D00059700178B1FBF2F13031D9700178B1FB50
:1030E000F2F002FB10112348303119710178B1FB65
:1030F000F2F1303199710178B1FBF2F002FB10115D
:103100001D483031D97103881C499BB2632B20D9EB
:10311000038864249BB2B3FBF4F330330B70038851
:103120009BB2B3FBF4F504FB15339BB2B3FBF2F394
:1031300030334B7003889BB2B3FBF4F004FB1033C5
:103140009BB2B3FBF2F002FB10333033DBB28B7077
:1031500030BD30230B7003889BB2B3FBF2F33033E6
:103160004B700388ECE700BF0453002019000020D7
:1031700003530020025300200053002014000020BD
:1031800008B5C5200AF0F2FC0E4B014618600E4847
:1031900001F040F90D4B05211880C5200AF08EFD85
:1031A0000021C5200AF0F4FD01200AF067FE01218C
:1031B000C5200AF0EDFDBDE808400421C5200AF055
:1031C0007DBD00BFBC550020D0530020CC53002053
:1031D0007A4B37B57A4A1A607A4A5A601F221A81A6
:1031E000794ADA600024794A79481A61C3E90944C6
:1031F000C3E90B445C611C83DC6183F820409C863E
:1032000001F01AFA7348744D02F022FB4021734812
:1032100003F047FA64234A221821714803F01EFB89
:10322000704B6C60A5F84C4045F8083B6E4B009322
:1032300028466E4B6E4A6F4903F0F6FFFF231A468D
:103240001946284603F01CFD6B4B6C491C710A2281
:10325000C3E902441A601C61694B6A481A60C3E9F9
:1032600002441C711C61684BC3E902441A601C7162
:103270001C61664BC3E902441A601C711C6104F0B6
:103280003FF8634B634A1A60634A1C73C3E9012425
:10329000624B634A1A60634A1C73C3E90124624BA0
:1032A000624A1A60624A1C73C3E90124614B624A94
:1032B0001A60624A1C73C3E90124614B614A1A60B7
:1032C000614A1C73C3E90124604B614A1A60614A78
:1032D0001C73C3E90124604B604A1A60604A1C7386
:1032E000C3E901245F4B604A1A60604A1C73C3E95A
:1032F00001245F4B5F4A1A605F4A1C73C3E90124D3
:103300005E4B5F4A1A605F4A1C73C3E901245E4B3F
:103310005E4A1A605E4A1C73C3E901245D4B5E4A33
:103320001A605E4A1C73C3E901245D4B5D4A1A6052
:103330005D4A1C73C3E901245C4B5D4A1A605D4A17
:103340001C73C3E901245C4B5C4A1A605C4A1C7321
:10335000C3E901245B4B5C4A1A605C4A1C73C3E9F5
:1033600001245B4B5B4A1A605B4AC3E901241C736E
:103370005A4B5B4A1A605B4A1C73C3E901245A4BDF
:103380005A4A1A605A4A1C73C3E90124594B5A4AD3
:103390001A605A4A1C73C3E90124594B594A1A60EE
:1033A000594A1C73C3E90124584B594A1A60594AB7
:1033B0001C73C3E9012403B030BD00BF6055002079
:1033C000E4780020985500208D310108C32E0108B3
:1033D000845400206C540020F853002058540020DE
:1033E000485400202C360108756B0008916C0008C9
:1033F000196F0008A1700008D0530020E875002064
:10340000B453002038530020985300207C530020F0
:1034100064040020D62B0108D50F000854040020B6
:10342000FD350108B910000844040020DD2E010814
:103430003911000834040020652E0108F910000835
:1034400024040020D32E0108D91000081404002001
:10345000D73301081911000804040020D62E0108F2
:103460004D100008F4030020D92E01082D1000088B
:10347000E4030020DC2E010899100008D40300208A
:10348000DF2E010879100008C4030020E22E010895
:1034900059150008B4030020E52E0108D1150008D5
:1034A000A4030020E82E0108A914000894030020BA
:1034B000EC2E0108D514000884030020F12E010829
:1034C0000115000874030020F52E01082D150008D1
:1034D00064030020FA2E010845160008540300205A
:1034E000FD2E0108E516000844030020002F010806
:1034F0009D16000834030020032F010891120008D4
:1035000024030020062F0108611300081403002083
:10351000092F01083114000808B5054803F014FF0D
:10352000044803F0C5F8BDE80840034802F095B927
:1035300038530020585400206C54002070B50E46BB
:10354000451EC0F1010463199E4204DCBDE87040D1
:10355000064809F03DBF15F8011F044809F037FD82
:1035600029780248102209F0BBFFECE7E47800203C
:103570007FB504460AF080FC27490546274809F034
:103580001BFFA278264B8DF80A20E27801938DF874
:103590000B2002230022ADF80830104601AC195D63
:1035A0000133014452FA81F2082BC8B2D2B2F6D1EB
:1035B0008DF80C008DF80D20002440F6B8360AF086
:1035C0005BFC401BB04207D91649144809F012FFB2
:1035D00000201EE00024F2E7104809F0D5FC002886
:1035E000EDD00E4809F0B6FE04F110036B44C0B2F2
:1035F00013F80C1C8142EDD101340848E4B21022CA
:1036000009F06EFF0A2CDAD10749044809F0F2FEEE
:10361000012004B070BD00BF0C2F0108E478002029
:10362000B5620501322F0108262F010830B5174970
:1036300017488DB009F0D4FE164B01AA03F12805F6
:1036400018685968144603C40833AB422246F7D1C0
:10365000186820602C2101A8FFF770FF0C4809F0C2
:10366000B7FE0D490A4809F0BBFE01A8FFF780FF2D
:1036700030B10A4906480DB0BDE8304009F0BABE85
:103680000749034809F0B6FEE4E700BF3D2F0108F3
:10369000E478002008220108782F0108A22F0108F1
:1036A000BE2F010810B51C4809F092FE1B491A48AC
:1036B00009F082FE184809F08BFE0AF0DDFB00F5E8
:1036C0006A5418340AF0D8FBA04213480CD309F00E
:1036D0007FFE1349104809F06FFE0F4809F078FE8D
:1036E000104B00221A7010BD09F04EFC002806DDB8
:1036F000094809F02FFEC1B2074809F068FC0648E6
:1037000009F042FC0028DDDD034809F023FEC1B2C8
:10371000014809F05CFCD5E7E4780020E22F0108BD
:10372000FA2F010874040020F8B51C4F3B780646B8
:1037300013B91B4809F04CFE0AF09EFB194C4FF4DC
:103740007A7303FB06060AF097FBB04201D300250B
:1037500021E0134809F018FC00280DDD104809F09D
:10376000F9FDC5B22946204601F03AFA3B781BB96B
:103770000B48294609F02BFC6378002BE3D094F822
:103780007D30002BDFD094F83D50002DDBD00AF0C7
:1037900073FB054B18602846F8BD00BFE0550020BC
:1037A000E478002084540020085300202DE9F047DD
:1037B000A04800F0CEFEA04B1B780BB1FEF762FBD9
:1037C0009E4B1B7823B99E4B1B780BB1FEF7C0FBB9
:1037D0009C4B1B7803F0FF041BB1BDE8F047FFF7DB
:1037E00061BF0120FFF7A0FFDFF81093DFF810831F
:1037F000954F964E0546002800F0868199F80030D6
:10380000934D4BB1214607200AF0C2FA0AF034FB6F
:10381000C5E9000489F800408E4B1B780BB1FFF717
:10382000AFFC98F80030ABB98B4809F0D1FD8A485D
:1038300009F0CEFD8949884809F0BEFD884B8648CD
:1038400019683B680A22C91A09F03DFE8549824879
:1038500009F0C6FD844C204600F0A6FF51EC100B89
:10386000FDF78AF9814B1860204600F0C1FF51EC4A
:10387000100BFDF781F97E4B4FF00009186084F8BA
:103880007D90D4F88400FCF73DFE7A4B0022FCF7D3
:10389000CDFFFDF771F9784BD4F894201860774B81
:1038A00084F88D901A70764BD4F8A4201A6004F135
:1038B0004C0084F89D9001F005F8724B187004F1EB
:1038C0004C0001F009F8704B187004F14C0001F045
:1038D00011F86E4B187004F13C0000F0E9FF6C4BDE
:1038E000187004F13C0000F0D7FF6A4B187004F127
:1038F0003C0000F0C5FF684C684B18802378D3B1BA
:10390000674B1B78BBB1674B1B78A3B9DFF8F4A1F9
:10391000654BBAF800901968644B48461A7800F075
:103920004FFD48450146AAF8000002D002200AF0E7
:1039300033F900232370CD200AF018F95C4B18608E
:1039400019685C4800F066FD5B4B1880C4200AF0E3
:103950000DF95A4B01461860594800F05BFD594B70
:103960001880D1200AF002F9574B014618605748D9
:1039700000F050FD564B1880564803F041FE564B60
:10398000544883ED000A03F081FE544BDFED546A86
:10399000D3ED007A534B4F4870EE277A87EEA67A24
:1039A00083ED007A504B93ED000A37EE000A03F0E6
:1039B00057FF4E4B4E4883ED000A02F0BDFE4D4BC3
:1039C0004B4883ED000A02F0CBFE4B4B83ED000A1F
:1039D000FFF76EFB00233360FDF7E6FF98F8003039
:1039E0001D481BB3FEF710FCFFF746F9FFF726FB57
:1039F0000AF042FAD5E900321343386014D00AF0D5
:103A00003BFAD5E90023801A40F2EA3263EB430324
:103A1000904273F1000307D3012107200AF0B8F99F
:103A200000220023C5E90023BDE8F087FEF7D4FD9E
:103A3000DAE700BF6055002000000020B8550020E4
:103A400001000020740400200C53002024000020FA
:103A5000C8550020C0550020E47800200E30010831
:103A600008530020183001088454002028530020F7
:103A70002453002000005940205300201C530020F4
:103A80001853002016530020155300201453002013
:103A90001353002012530020F45300201053002031
:103AA000CB0400207504002078040020E15500209C
:103AB000F05300207C53002078530020EC5300206A
:103AC0009853002094530020E8530020B453002062
:103AD000B053002038530020345300202C00002025
:103AE0000000C84230530020280000202C53002042
:103AF000585400205454002050540020D055002029
:103B0000E0550020F65300202C4C2D480123336053
:103B100003F05EFB2B49A4F84C50204609F04CFC06
:103B20002949204609F048FC2849204609F044FC70
:103B30004FF480732649A4F84C30204609F03CFC31
:103B40000AF09AF93B680A22C11A4FF47A762046A5
:103B5000B1FBF6F109F0B7FC1E49204609F02CFC38
:103B60002B461D491D48042202F01CFF98F8003026
:103B700073B11B491B4809F033FC1B4B002000218B
:103B8000C3E90001194A0123137089F800304BE79B
:103B9000144809F01DFC1649124809F00DFC0AF002
:103BA0006BF939680A22411A0E48B1FBF6F109F0A7
:103BB0008AFC08490B4809F013FCE3E7F85300209E
:103BC0000054002071220108772201087B2201089D
:103BD0001B3001086F2201083C36010848540020C0
:103BE000F82E0108E4780020D855002002000020BB
:103BF000253001082DE9F0434FF4FA7087B00AF040
:103C00003DF9BB4BBB4DBC4E0024012107201C706D
:103C10000AF054F8012107200AF0BAF801232B70AA
:103C200000F026FC2746204600F016FC16F8013B63
:103C30000134984218BF2F70062CF4D17F21204602
:103C400009F0AAFF4FF4FA6009F08AFF102009F08A
:103C500077FF47F6FF71204609F09EFF01212B20D8
:103C60000AF02CF8012103200AF028F8B02007F010
:103C7000ABFDA249DFF86883A14F064607F0ECFCD4
:103C800002221146304607F0D1FB4FF000099D4B50
:103C9000029302A93046CDF80C90CDF81480049719
:103CA00007F041FD02A8FDF771FD304607F0A3F9CA
:103CB000954822464FF4E13109F0FCFA22464FF4D0
:103CC0001651914809F0F6FA8F4809F081FB8F49A7
:103CD0008D4809F085FB8E498B4809F081FB8A48A5
:103CE00009F076FB2B78002B00F0C58089498648C7
:103CF00009F076FB884B83F800908849824809F0E8
:103D00006FFB8749804809F06BFB8649864800F0C5
:103D100003FC8649844800F0E1FB8549824800F0B5
:103D2000DDFB8449804800F0D9FB83497E4800F0E0
:103D3000D5FB82497C4800F0D1FB81497A4800F0EC
:103D4000CDFB8049784800F0C9FB7F49764800F0F8
:103D5000C5FB7E49744800F0C1FB7D49724800F004
:103D6000BDFB7C49704800F0B9FB7B496E4800F010
:103D7000B5FB7A496C4800F0B1FB79496A4800F01C
:103D8000ADFB7849684800F0A9FB7749664800F028
:103D9000A5FB7649644800F0A1FB7549624800F034
:103DA0009DFB7449604800F099FB73495E4800F040
:103DB00095FB72495C4800F091FB71495A4800F04C
:103DC0008DFB7049504809F00BFB012205216E481C
:103DD00002F05BFD6C4802F019FE002304226B49DF
:103DE000694802F0DFFD6A49474809F0F9FA40F6F0
:103DF000B8300AF043F86749434809F0FBFA6649CE
:103E0000414809F0F7FA65493F4809F0D9FA644991
:103E10003D4809F0D5FA3C4809F033FA64200AF02D
:103E20002DF8394809F01BFA06224FF4164136489E
:103E300009F040FA40F6B8300AF020F85949324803
:103E400009F0D8FAFFF7F2FB57492F4809F0C8FAF2
:103E500056492D4809F0C4FA5549564838230022DE
:103E600001F01AFD60B95449274809F0B9FA0A204F
:103E70000AF004F8FBE75149234809F0B1FA3CE79E
:103E80004F49214809F0ACFA4E4803F073F94D4808
:103E900003F09EF94B48002103F075F94A4949485F
:103EA00002F02CFF474803F093F9484A17490023D2
:103EB0001046A2F84C3009F07FFA4549434809F012
:103EC0007BFA1349414809F077FA42490E4809F054
:103ED00087FA3749404802F07CFC002840F0828095
:103EE0003E49094809F07CFA0A2009F0C7FFFBE7C0
:103EF000E1550020B85500203A0000200040014064
:103F000069170008911B0008E4780020712201085D
:103F10007B2201083A300108010000209830010896
:103F2000B1300108910F00086055002064040020A2
:103F30005404002044040020340400202404002001
:103F400014040020C4030020B40300200404002053
:103F5000F4030020E4030020D4030020A403002085
:103F600094030020840300207403002064030020D5
:103F700054030020440300203403002024030020C5
:103F800014030020CE3001084854002040360108B8
:103F9000E930010815310108313101084F310108BC
:103FA0006D3101088F310108AF310108CC310108B2
:103FB000E87500206C5400200532010875300108B6
:103FC00038320108005400201D370108F853002042
:103FD0007722010850320108585400206832010845
:103FE000891700086E496F4809F0FAF96E4802F027
:103FF00009FC0C2009F086FD7F21022009F0CCFD90
:104000004FF4FA6009F0ACFD102009F099FD2B780F
:1040100023B3062000F020FA0446072000F01CFA23
:1040200000EB042189B2614B0220198009F0B4FD34
:104030005F495C4809F0D4F95E495A4809F0D0F963
:104040005D485822762103F0A4FA50B95B495548DF
:1040500009F0C6F90A2009F011FFFBE748F6013123
:10406000E1E757494F4809F0BBF904230222CDE9A3
:10407000003351480523032103F0A0F90221132046
:1040800009F01CFE01211320FDF770FEB02007F09F
:104090009BFB002406464FF0804107F0DDFA4FF00D
:1040A00080490822452303213046009407F078F820
:1040B0004FF0FF33C9F82C3002A9424B029330462F
:1040C000CDE90478039407F02EFB02A8FDF75EFB10
:1040D00002AA03213C4B02933046CDE904780394B5
:1040E00007F001FB02A8FDF751FBD9F8083043F4B3
:1040F0008043C9F80830304606F07DFF334800F0B1
:104100007BF9C52009F032FD314B014618602F487C
:1041100000F080F92F4B18802F4800F06DF9D12066
:1041200009F024FD2D4B014618602B4800F072F970
:104130002B4B18802B4800F05FF9C42009F016FDC6
:10414000294B01461860274800F064F9274B188076
:10415000274800F051F9CD2009F008FD254B1860E3
:104160001968234800F056F9234B18802B78A3B127
:1041700022490C4809F034F909F07EFE204B186002
:10418000084809F025F91F49064809F029F90548AA
:1041900007B0BDE8F04309F01BB91B49E9E700BFD0
:1041A00093320108E478002058540020F653002090
:1041B000AC320108C632010838530020F73201083A
:1041C00022330108710F00087D0F0008D053002032
:1041D000BC550020CC530020B4530020E8530020ED
:1041E000B053002098530020EC530020945300203B
:1041F0007C530020F0530020785300203B3301080B
:104200000C5300207F3301086B33010800000000CD
:1042100038B540F2AD13B1FBF3F202FB13110446C3
:10422000002960D1504B1B78002B2FD04F4D3EA35F
:10423000D3E90023D5E90001FCF754FC30B3D5E9FC
:1042400000013BA3D3E90023FCF742FCF0B1D5E920
:10425000000139A3D3E90023FCF744FC002834D142
:10426000D5E9000136A3D3E90023FCF731FC00288F
:1042700039D0D5E9000134A3D3E90023FCF728FCA9
:10428000002836D005343A49A4B229E0394D28A394
:10429000D3E90023D5E90001FCF724FC00282CD148
:1042A000D5E9000120A3D3E90023FCF711FC002885
:1042B00037D0D5E9000126A3D3E90023FCF708FC99
:1042C00058B364342C49A4B20AE0D5E9000122A312
:1042D000D3E90023FCF706FC38B1053C2749A4B21A
:1042E00027480AF0A2FF204638BD013C2549A4B268
:1042F000F6E701342449A4B2F2E7D5E9000118A396
:10430000D3E90023FCF7EEFB18B1643C1F49A4B2CB
:10431000E6E70A3C1E49A4B2E2E70A341D49A4B20A
:10432000DEE71D49DCE700BF7B14AEFFCF1263411F
:1043300085EB5100D012634127310800D012634150
:10434000D9CEF7FFCF1263413D0AD7FFCF126341A9
:10435000CDCCCCFCCF126341C3F52800D012634111
:1043600033333303D0126341CA040020B004002069
:1043700098330108B8040020AC3301088E330108DB
:1043800030000020933301089D330108A233010857
:10439000A7330108B1330108B6330108074B59436D
:1043A000B1F1333F10B5044606D802214FF0FF307B
:1043B00009F0C8FA0444A4B2204610BDCDCCCCCC40
:1043C000012A10B403460C4605D0022A10D05DF82D
:1043D000044BFFF71DBF4FF47A72B1FBF2F102FB01
:1043E00011440CB901339BB218465DF8044B704779
:1043F0005DF8044BFFF7D2BF10B5044600686FF0BC
:104400006042904234BF80004FF0FF3007F0DEF989
:10441000606110BDD0E9022370B5D0E9045406688C
:10442000B242A6BF54F825209B1A01320B44B8BFF4
:104430008260C36044F825100269016801328A4233
:10444000A8BF00220261806800EBD07203EB620318
:1044500093FBF0F070BD0000014B185C704700BF8B
:10446000E8550020014B1954704700BFE855002063
:1044700008B5034903484FF400520AF0DEFE08BDB8
:1044800000E00F08E855002030B587B00023022275
:10449000CDE90033059201230B22CDE903230293DA
:1044A00003F0ACFE694601A803F08EFF68B9094D20
:1044B000094C55F8042B00232146022003F0E2FEAC
:1044C00018B90434B4F1016FF3D103F0A9FE07B0B9
:1044D00030BD00BFE855002000E00F080B7B10B591
:1044E00073B900F1240200F12803343000248C60F9
:1044F00014685CB91960116003780133037010BD52
:1045000000F12C0200F130033530EFE71A689160BA
:104510001960F1E700687047416170474268002305
:104520001370038380F82030704710B50446C06ACA
:1045300060B16168026809781278914207D14368D6
:10454000204698472046FFF7E9FF012010BD80680C
:10455000EEE72DE9F84303680446002B64D000F130
:104560001C074FF00008206803681B699847002863
:1045700027DD206803685B699847051EF3DDB4F901
:104580001830B4F908209A4210DD6268591C218362
:10459000D554B4F91830012B0ED0E06894F92030CE
:1045A000C25CAA420FD084F82080DCE72046FFF7E7
:1045B000B5FF0220BDE8F8832046FFF7B6FF0028CC
:1045C000EBD00020F6E701335BB284F82030C55C05
:1045D000002DC8D1FBF7E6FDB4F9183062681B1A4C
:1045E000D5543A46216960680AF098FD0546A8B19D
:1045F000666A2EB963698BB12946204698470DE05B
:10460000D6F800904846FBF7CDFD4946421C2846A7
:104610000AF037FD30B97368204698472046FFF707
:104620007DFFA0E7B668E4E70120C3E7016900F178
:104630001C0200200AF072BD1749416300224FF4AA
:104640000071C0E90022C0E90222C0E90422C0E9E9
:104650000622C0E90822C0E90A22C0E90F22C0E907
:104660001322C0E92F120263C2654266C266426726
:10467000C267C0F88420C0F88C20C0F89420C0F82D
:104680009C20C0F8A420C0F8AC20C0E93122C0E9C9
:104690003322C0E93522704730004E00A1F14103BA
:1046A000052B02D8A1F137007047A1F16103052B5A
:1046B00094BFA1F15700A1F13000704738B50578DB
:1046C00004462D2D08BF0134204609F0FCFB64236D
:1046D0005843224614F8013BA3F130010929F8D9C7
:1046E0002E2B0BD15378303B092B07D80A2113FB13
:1046F00001009378303B092B98BFC0182D2D08BFBF
:10470000404238BD38B50D46044609F0DCFB642351
:104710001349B0FBF3F203FB12034B432A802046FC
:104720000278A2F13004092C014600F10100F7D90A
:104730002E2A0BD10A480A2403E0B0FBF4F000FB58
:10474000023311F8012F303A092AF6D903EB83031B
:1047500001330322B3FBF2F36B6000232B7238BDED
:1047600080969800C36910B54360036A836090F82F
:1047700024300373836A0361C36A436190F8303065
:10478000037690F8353080F8343090F8373080F880
:104790003630044609F070FB40F20113A063238019
:1047A00010BD0000000000000023D0B50446437097
:1047B0008068FBF797FE0CA3D3E90023FCF736F8DB
:1047C0000646A0880F46FBF79DFE0B46024639467B
:1047D0003046FBF74BFD237B13B101F10043194633
:1047E00041EC100BD0BD00BF0000000065CDCD41F5
:1047F0000023D0B5044643704069FBF773FE0CA359
:10480000D3E90023FCF712F80646208A0F46FBF78F
:1048100079FE0B46024639463046FBF727FD237EDC
:1048200013B101F10043194641EC100BD0BD00BF9C
:104830000000000065CDCD4110B58368436004469B
:1048400009F01AFB40F20113E060238010BD10B59F
:1048500083684360044609F00FFB40F20113E060F7
:10486000238010BD10B504460846FFF727FFA0605F
:1048700010BD10B50446084609F025FBA06010BD28
:104880000023437040686423B0FBF3F203FB120083
:1048900000F5FA6080B270470023437064234068DB
:1048A000B0FBF3F0B0FBF3F203FB1200C0B27047B1
:1048B00000234370406842F21073B0FBF3F0C0B2C3
:1048C00070470000002343704068024BB0FBF3F0D8
:1048D000C0B2704740420F0000234370406842F26C
:1048E0001073B0FBF3F06423B0FBF3F203FB120090
:1048F000C0B270470023437064234068B0FBF3F0FC
:10490000B0FBF3F203FB1200C0B2704710B5C368EE
:104910008360044609F0B0FA40F20113606023801E
:1049200010BD10B504460846FFF7C8FEE06010BD94
:1049300010B5C3688360044609F09EFA40F2011383
:104940006060238010BD10B50446084609F0BBFA2C
:10495000E06010BD10B50146044610300AF065FC59
:1049600009F08AFA40F201132062A38410BD0F22DD
:104970000AF099BB70B590F8AD600446002E65D082
:1049800090F8AE10FFF78AFE94F8AF10024620466A
:10499000FFF784FE94F8AC3000EB0210C0B2834203
:1049A0004DD1D4F8D8300133C4F8D83094F8C030A1
:1049B00023B1D4F8D0300133C4F8D03094F8BD30EE
:1049C0001BB3012B15D104F13C00FFF735FF04F1B7
:1049D0004C00FFF73CFF94F8C03053B12046FFF77E
:1049E000C1FE04F15C00FFF791FF04F16C00FFF7DA
:1049F0008DFFD4F8C85035B1D4F8C830A86A996A88
:104A0000FBF7C6FBB0B1304670BD04F14C00FFF7B8
:104A10001EFF94F8C03033B12046FFF7A3FE04F127
:104A20007C00FFF773FF04F18C00FFF781FF04F1B6
:104A30009C00DCE72846FFF78DFF2D6BDBE7D4F801
:104A4000D4300133C4F8D4300026DCE790F8BE201F
:104A50009ABB90F8AE30472B29D190F8AF105D4843
:104A60000AF002FB18B304F1B0055B492846FBF7D6
:104A70008FFBF0B159492846FBF78AFB003818BF75
:104A800001204000D4F8C45084F8BD0004F1AE0603
:104A9000C4F8C850002DD7D0A86A3146FBF778FB80
:104AA000002808DBD0D00023C4F8C830CCE70220AF
:104AB000E8E70120E6E72D6BEAE790F8BD10022950
:104AC00024D090F8AE300BB342EA4112013A2B2ABF
:104AD0001CD8DFE802F0163C434A4D646D73771B27
:104AE0001B1B1B1B1B1B1B1B1B1B1B1B1B1B1B1B16
:104AF0001B1B1B1B1B1B16353C434A4D545A5E1B8C
:104B00001B7B00F1AE014C30FFF7ACFED4F8C8506F
:104B100004F1AE06002D97D0D4F8C830A86A996A7F
:104B2000FBF736FB00288FD1EA6A94F8BE309A4230
:104B30008ADC03D131462846FFF719FF2D6BE9E7E0
:104B4000A3F141004342434184F8C030DEE700F165
:104B50001C0104F1AE00FFF7D5FDD7E7A3F1530127
:104B60004B424B4180F82430D0E700F12801F0E7B8
:104B7000A3F157025342534180F83030C6E700F1A9
:104B8000AE015C30FFF7CDFEC0E700F1AE016C3046
:104B9000F8E700F1AE013C30FFF76BFEB6E7302BD3
:104BA00094BF0022012280F8C02080F83530ADE7A4
:104BB00000F1AE018C30FFF7C6FEA7E700F1AE01B1
:104BC0009C30DFE700F1AE017C30DBE780F8373066
:104BD0009CE700BFBB330108C1330108C53301089E
:104BE00038B5D0F8CC30242903F1010304460D4632
:104BF000C0F8CC302AD090F8BF301CD80A2901D098
:104C00000D292FD10E2B4FF0000005D8234483F837
:104C1000AE002046FFF7AEFE94F8BE30013384F8B4
:104C2000BE30002384F8BF30A5F12A035D425D4108
:104C300084F8AD5038BD2A29E4D02C2912D190F83F
:104C4000AC2082F02C0280F8AC20DBE700230222AB
:104C5000A0F8AC3080F8BD20A0F8BE3080F8C0309D
:104C60000020E7E70D2B9FBF5A1C1B1984F8BF20BB
:104C700083F8AE5094F8AD30002BF1D194F8AC30FD
:104C80005D4084F8AC50EBE7028BC08A101A704785
:104C9000C28A018B914288BF0169034683BF885C49
:104CA0000132DA824FF0FF307047028BC38A9A429A
:104CB00086BF0269D05C4FF0FF307047806DD0F83E
:104CC000DC302BB100234384D0F8E030D4301847D7
:104CD0007047000070B54FF47A730E460021C0E9AA
:104CE0000113034615462B4A43F8C42B0446C0F86B
:104CF000C4109C22C3E90111C0E93411C0E9361186
:104D0000C0F8E01028300AF0A7F9F3B24A2B19D8FE
:104D1000214A52F8233006F4E0661E43EBB24A2BD8
:104D2000C4F8846022D81C4A52F8233005F4E065A8
:104D30001D430023C4F88850E36123842361A382C8
:104D4000204670BD06F0C002C02A0CD1CF2B0AD875
:104D5000124B06F03F0206F4E06653F822200E4B99
:104D600053F82230D9E74FF0FF36D7E705F0C002FD
:104D7000C02A0CD1CF2B0AD8084B05F03F0205F40E
:104D8000E06553F82220044B53F82230D0E74FF06F
:104D9000FF35CEE74C360108C843010888430108B7
:104DA00038B50446283000F01FFBE06918B109F05F
:104DB00097F80023E36120690025258410B109F0EC
:104DC0008FF82561A58238BD38B50546074B45F8F3
:104DD000D43B0446FFF7E4FF2846FCF7D7FC04F178
:104DE000C400FCF7D3FC204638BD00BF4C36010898
:104DF00038B5044600F12805284600F045FB94F834
:104E0000BE304BB92846054900F03EFC284604490F
:104E1000BDE8384000F031BC38BD00BFBD4C0008D3
:104E2000694E00080123994080F8243000238176E0
:104E3000438470470123994080F824300023817611
:104E40004384704738B5838A8B4205460C4609D2A5
:104E5000202938BF20240069214609F035F910B116
:104E60002861AC8238BDFEE773B5846D866ED4F8D8
:104E7000CC300546E3B1E28A238B9A4218D33146FF
:104E80002046FFF7DFFF2069324605F174010AF082
:104E9000D4F90023E382D4F8CC30268301960BB9F1
:104EA0000DF0A0F9D4F8D03001A904F1C40098475E
:104EB00002B070BDB1F5806F70B505460C4610D8D4
:104EC000038C99420AD920290E4638BF2026C06992
:104ED000314609F0F9F818B1E8612E84204670BD1A
:104EE000FEE70024FAE713B590F824308DF8071098
:104EF00004467BB1418C0131FFF7DCFF40B1638C8C
:104F0000E2699DF80710D154638C0133638401205A
:104F100002B010BD01220DF10701283000F0DCFACB
:104F2000B0FA80F04009F3E770B590F824300446F9
:104F30000E46154693B1418C1144FFF7BBFF10B9E3
:104F40000025284670BD638CE0692A461844314626
:104F50000AF073F9638C2B446384F2E792B2283031
:104F600000F0BAFA0028EBD1EBE70346006918B16C
:104F70009A8A00210AF070B870470346C06918B1D8
:104F80001A8C00210AF068B8704738B50446D1B9C8
:104F90004FF42A03A36594F8BE30012B16D1638C1D
:104FA000E269A17E04F1280000F016FB042828BF66
:104FB0000420C5B22046FFF7E0FF0023638484F895
:104FC0002430284638BD4FF02A43E3E70425F8E7AC
:104FD0002DE9F04790F8BEA09DF820609DF8249040
:104FE000BAF1010F04460F461546984639D11146CD
:104FF0007F00FFF727FFFFB27EB10023032E84F866
:1050000024A0A776638428BF0326013EF6B2FF2EB4
:105010001BD100212046FFF7B8FFB9F1000F1DD1C9
:105020004FF42A03A36522692B46394604F1280070
:1050300000F06CFA002398422E461CBF1D462E46F7
:10504000E38226832846BDE8F0872368F10028FA2A
:1050500001F11B68C9B220469847D6E74FF02A43B2
:10506000E0E70020EFE707B5019300230093FFF787
:10507000AFFF03B05DF804FB0121FFF786BF38B531
:1050800004460025C5820583FFF76FFF658420462F
:10509000FFF773FF38BD00002DE9F0410446D0F85A
:1050A000840008F06DFC002108F008FED4F884307C
:1050B000C3F30312082A44D8264D274F55F822205F
:1050C00003F00F03126957F8233093433FD0D4F80D
:1050D000880008F055FC012108F0F0FDD4F88800A4
:1050E0001E4B1F4C1B68B3FBF4F3C0F303110A24DF
:1050F000082900F00F0204FB03F325D857F82270AB
:10510000184A14264FEA074E55F821C0CCF818E08B
:10511000D2F804805468A4EB0804A342FADCCCF86B
:105120001870D2F804C05468A4EB0C04A342FADC53
:10513000013EE9D108F024FC3146BDE8F04108F019
:10514000BDBD00231B69FFDE00239B61FBE7BDE8BB
:10515000F08100BF6C0000206C3A01089C00002028
:1051600040420F00001000E02DE9F0410446002508
:10517000C58205831F460E469046FFF7F6FE6584FE
:10518000A5762046FFF7F9FED4F8DC30C4F880405D
:1051900033B104F1D401032208469847C4E93755D6
:1051A0000023012E84F824304FEA460384F825308A
:1051B0000CBF0123002384F8BE3084F8BF8084F83C
:1051C000C07002D12046FFF767FF04F1280594F86C
:1051D00025200949284600F029F894F8BE304BB93B
:1051E0002846064900F050FA28460549BDE8F04136
:1051F00000F043BABDE8F081A0860100BD4C000874
:10520000694E00080A4600230121FFF7ADBF0000E8
:10521000024803220221FFF75DBD00BFE8750020B0
:105220000148FFF7D1BD00BFE8750020F0B50D467D
:1052300085B016460446002800F0C0806049C06D65
:1052400006F0C0FF5F490746206E06F0BBFF01462F
:10525000002F00F0B380002800F0B080384606F040
:10526000D8FF2060002800F0A980574B984204F135
:1052700004074FF0000361D10193544B1A6C42F4C0
:1052800000121A641A6C02F400120192019A1A6A4E
:1052900042F400121A621A6A22F400121A6242F2EE
:1052A0001F03A4F864304A4B1F604649206E06F085
:1052B00071FF4349E06D06F06DFF464B21689D424A
:1052C00076D9454B9D4203D9444B9D4288BF00236C
:1052D0004FF480420025C4E901134FF48043C4E930
:1052E000053594F8973094F96400E5615B1B18BFAD
:1052F00001239B01236294F8983084F841505B1B92
:1053000018BF0123DB0163620221C4E903262A4698
:1053100002F084FD94F9640002F0B2FD94F9650096
:105320002A46022102F07AFD94F9650002F0A8FDF8
:10533000384603F0F5F800283CD0FEE7284A9042B2
:1053400019D10293214B1A6C42F480021A641A6C30
:1053500002F480020292029A1A6A42F480021A62ED
:105360001A6A22F480021A6242F22123A4F86430FD
:10537000174B5F6099E71B4A904296D10393134BFA
:105380001A6C42F400021A641A6C02F400020392CE
:10539000039A1A6A42F400021A621A6A22F400029C
:1053A0001A6244F64813A4F86430094B9F607CE706
:1053B00000228FE70223A06684F8953005B0F0BD87
:1053C0003C410108004101080054004000380240FF
:1053D000CC760020A0860100801A060040420F0013
:1053E00000580040005C004010B5044690F964008D
:1053F00002F054FD94F9650002F050FD201D03F009
:1054000038F9206E032106F037FEE06D032106F027
:1054100033FE2368184A93420DD1184B1A6A42F49E
:1054200000121A621A6A22F400121A621A6C22F42A
:1054300000121A6410BD124A93420CD10F4B1A6A23
:1054400042F480021A621A6A22F480021A621A6C0A
:1054500022F48002EDE70B4A9342EBD1074B1A6A24
:1054600042F400021A621A6A22F400021A621A6CEA
:1054700022F40002DDE700BF005400400038024083
:1054800000580040005C0040104B994210B50446A3
:1054900006D90F4B994203D90E4B994288BF00237E
:1054A0006068026822F001020260A360074B994223
:1054B00094BF002101218903E160201D03F030F831
:1054C0006268136843F00103136010BDA0860100F9
:1054D000801A060040420F00202A30B514D800235D
:1054E0009CB2A24207D890F894301344DBB280F803
:1054F0009430002030BD90F89440CD5C1C440444AE
:10550000013384F87450EBE70120F3E72DE9F3470A
:1055100005460F469046994602F026FA0024D5F833
:1055200030A006460435CDF800A04B464246394629
:10553000284603F0CBF9022806D102F015FA841BA5
:10554000642CF0D906201FE008BB02F00DFA0646D5
:10555000284604F025F9202809D0632C07D802F04A
:1055600003FA841B284604F01EF90028F0D02846D0
:1055700004F019F9632C0CD882060AD443070AD424
:10558000003818BF0120800002B0BDE8F087042079
:10559000FAE70520F8E70320F6E710B56423044690
:1055A000043003F07FF8022810D0032806D090B111
:1055B00094F84130202B18BF042004E094F84130C7
:1055C000202B18BF052008BF022004E094F84130CA
:1055D000202B18BF062010BD2DE9F34704460E46C8
:1055E00091461F4602F0C0F980463FB9012231467C
:1055F000204602B0BDE8F047FFF7CFBFD4F830A097
:1056000000250434CDF800A03B464A4631462046EA
:1056100003F0F4F8022807D102F0A6F9A0EB080580
:10562000642DEFD906201FE008BB02F09DF9064665
:10563000204604F0B5F8202809D0632D07D802F0E1
:1056400093F9851B204604F0AEF80028F0D02046E0
:1056500004F0A9F8632D0CD882060AD443070AD4B3
:10566000003818BF0120800002B0BDE8F087042098
:10567000FAE70520F8E70320F6E720B119B1C16683
:10568000043003F01FBA704720B119B1016704302C
:1056900003F018BA704770B590F89130012B0446AA
:1056A0000D46A0F1040609D1436E3BB1836E30462E
:1056B0009847022384F89130002363668DB9E36E26
:1056C00084F891501BB184F890503046984794F874
:1056D000902004F1700120462023BDE8704003F0C3
:1056E0007BB900230122636684F89120616E7431D6
:1056F000314420460423BDE8704003F0A8B910B53A
:1057000090F89130012B044604D1436E13B1836E9F
:1057100004389847022384F89130002363662046BA
:10572000BDE8104003F0CEB9436E1F2BDEBF436EC1
:105730000133436690F89130012BDAB205D1416E06
:1057400070310423014403F082B97047002380F8CC
:105750009030704790F892300BB903F0B3B97047AE
:10576000014B186803F02EBBCC760020014B186863
:1057700003F07ABFCC760020014B586803F022BBBF
:10578000CC760020014B586803F06EBFCC76002029
:10579000014B986803F016BBCC760020014B98684B
:1057A00003F062BFCC76002070477047704710B599
:1057B0000C21044606F00CF8204610BD10B50C2153
:1057C000044606F005F8204610BD000038B50C462A
:1057D00005461D22002104F10B0009F03DFC08499B
:1057E0000B22204609F05FFC0123E3606B68236114
:1057F0000C236361034BA3614FF08043236238BDE8
:10580000C93301080000C84238B50C4605461D22C0
:10581000002104F10B0009F01FFC09490B2220466E
:1058200009F041FC0123E3606B6823610D23636190
:10583000044BE361044BA361044B236238BD00BFFA
:10584000D1330108000020C20000AA429A99993E73
:105850000022C0E903224261704710B50446006986
:1058600010B103685B689847606910B103685B68B2
:105870009847204610BD07B50123C0681A460DF1B0
:10588000070100F097FA20B19DF8070003B05DF81A
:1058900004FBFF20FAE70000F0B5044685B01420B1
:1058A0000F461E4608F0EAFAE06810B1102105F034
:1058B0008FFF102005F088FF314605463A4600F07C
:1058C00004FAE5600121284600F01BFA18B900250A
:1058D000284605B0F0BDBA238DF80C300023CDE981
:1058E00000330123E0681A4603A900F01AFA0546BE
:1058F0000028ECD0142008F0C1FA2046FFF7BBFFC7
:10590000010637D440F6E103ADF80C300023CDE9B1
:1059100000338DF80E30E0680123032203A900F064
:1059200000FA2046FFF7A7FF020625D42046FFF71E
:10593000A2FF0307CBD5606910B103685B68984785
:10594000206910B103685B6898470C2005F03CFFA4
:105950000B4B03604FF48153C0E9013460610C20AC
:1059600005F032FF074B036041F22103C0E9013427
:105970002061ADE70A20BEE70A2008F07FFAD0E7F1
:10598000783601089436010870B50C46054616466F
:1059900000212022201D09F05FFB242323606B8956
:1059A00063600D23A3602B686361266170BD70B5D1
:1059B0000C460546164600212022201D09F04CFB0E
:1059C000242323602B8963600D23A3606B686361CC
:1059D000266170BD2DE9F04186B00E460446904622
:1059E00008F04AFA324B03A91A889B788B7000237F
:1059F000CDE900330746ADF80C20E068012303220F
:105A000000F08FF938B90025284606B0BDE8F081CE
:105A10000A2008F033FA2046FFF72DFF0306F7D4DB
:105A2000E0680123062204A900F0C4F90546002815
:105A3000E9D0BDF811209DF813109FED1E7ADFED1F
:105A40001E6A52BA92B20B0943EA021307EE903A69
:105A5000F8EEE77A9DF814209DF8153067EE877A06
:105A600001F00F0167EEA67A42EA012243EA02231F
:105A7000C4ED017A07EE903A9FED107AF8EEE77ADE
:105A800067EE877A9FED0E7AA7EEA67A84ED007A0C
:105A9000B8F1000F04D03A4641462046FFF774FFA4
:105AA000002EB1D03A4631462046FFF780FFABE7E3
:105AB000D93301080000C842000080350000484387
:105AC000000048C208B500228068FFF783FF01206C
:105AD00008BD08B50A4680680021FFF77BFF01205A
:105AE00008BD30B50025C0E90015C2819DF8101031
:105AF0009DF80C20856141748274037430BDF0B54B
:105B0000C389847B85B005460068ADF80C300E462D
:105B100017464FEA132E40B16B7C019303AB009301
:105B2000012300F0FEF805B0F0BD686858B395F8A1
:105B30000CC06B7CBCF1030F0BD101332EF0010EB6
:105B400000938DF80CE08DF80D4003AB00F0FEFAE9
:105B5000E9E7BCF1000F08D104F07F048DF80C4098
:105B600000933A4603AB3146F0E7BCF1020F02D195
:105B700064F07F04F2E7BCF1010FF1D104F07F047F
:105B800044F04004EAE7A8680028CCD000920B4615
:105B90006A7C03A900F08AF8C5E7F0B403460C4616
:105BA00002B9027C042A13D803F113019C610D464B
:105BB000D018984202D1F0BCFFF7A1BF9F7CE6B29B
:105BC00027B92E70240A01350138F2E78674F9E707
:105BD0000020F0BC7047F0B50B46857B85B00446CD
:105BE0001146C2890068ADF80C20170A40B10022A6
:105BF000CDE9001203A9627C00F0FDF805B0F0BD0C
:105C0000606820B3267B627C032E0DD1FF24CDE992
:105C1000001447F001078DF80C708DF80D5001321B
:105C200003A900F0B5FAE9E73EB965F07F058DF804
:105C30000C50FF24CDE90014F2E7022E02D105F04A
:105C40007F05F4E7012EF4D165F03F05EFE7A0688A
:105C50000028D3D00091627C03A900F018F8CDE7AA
:105C600038B502220D4600F113010446FFF7B3FFD9
:105C700038B1A37C33B9237D1B022B80E27C134314
:105C80002B8038BDE37C1B022B80227DF7E730B4EC
:105C9000047CBDF8085034B1846824B10295A44650
:105CA000406930BC6047002030BC704730B4047C91
:105CB000BDF8085034B1C46824B10295A4464069C7
:105CC00030BC6047002030BC704742600022027246
:105CD00020220170C2607047037A10B5044653B1A8
:105CE00021786068FFF79EF86068FFF7C5F9B0FAA1
:105CF00080F0400910BD012100F003F80028EFD129
:105D0000F8E738B504460D4640680021FFF77AFAF7
:105D10000120207225B12046BDE83840FFF7DCBFE6
:105D200038BD2DE9F843DDE908961F46C3681546DE
:105D300032449A420446884602D90020BDE8F883DE
:105D400001784068FFF76EF87EB9606803682A46FC
:105D50005B6841469847A842EFD160683946FFF733
:105D600014F9B0FA80F04009E8E7B9F1000FECD07F
:105D70006068036832465B6849469847B042DCD1A8
:105D8000E3E770B5154606460C46D2B20178406886
:105D9000FFF769F985420BD12544A54201D10120C5
:105DA00070BD706803685B69984704F8010BF4E7FD
:105DB0000020F5E72DE9F843074688461646994640
:105DC0000025B54202D30120BDE8F883FB68741BAF
:105DD0009C4228BF1C46331BAB428CBF002309F0FA
:105DE0000103224608EB05013846FFF7CAFF0028E9
:105DF000EAD02544E5E773B51D460023CDE900331D
:105E00009DF81C30069E0446FFF78BFF40B101232E
:105E100032462946204602B0BDE87040FFF7CABFAF
:105E200002B070BD10B50446406810B1082105F0FD
:105E3000CFFC204610BD38B5044690F90E00411C39
:105E400007D0012107F03AFF94F90E00012107F075
:105E50009FFF25683DB10021284600F04FFA012040
:105E600084F8340038BD012194F90F0007F026FFB3
:105E7000637B94F90F00012B94BF2946012107F0A1
:105E800087FF94F91000421C07D0012107F016FF8C
:105E900094F91000012107F07BFF94F91100431CD5
:105EA000DDD0002107F00AFFD9E700002DE9F04F0F
:105EB0000346006887B00C46154628B1002307B09A
:105EC000BDE8F04F00F053BA1A7B8148814EDFF8ED
:105ED0000C82002A14BF8022012201920A780199C3
:105EE0000A40B2FA82FEA4469A68B0FBF2F0621948
:105EF000794C05924FEA5E1EC0B2059A944502D1D4
:105F000007B0BDE8F08F5A7B029202F0FD020392C7
:105F10001A7B049200259CF800909969019A0095DB
:105F200058B1D4F804A03768B7FBF8F74743D4F862
:105F300004B0ABEB0A0B5F45F9DC039F002F56D191
:105F400093F91070013715D009EA020ABAF1000777
:105F500018BF012777450DD0D3F824E05F69BAF167
:105F6000000F3BD0D7F800A04EEA0A0AC7F800A0FD
:105F70004FF0010E0F68DD6A2F430F6058B1D4F85F
:105F800004A03768B7FBF8F74743D4F804B0ABEB8D
:105F90000A0B5F45F9DC93F91170013707D0DF690F
:105FA0009D6A3F682F421EBF009D154300950F68F4
:105FB000DD6A27EA05070F60049D002D40F085800B
:105FC0005200D2B2002AABD193F9112001321CBF8A
:105FD000009A8CF800200CF1010C8EE7D7F800A095
:105FE0002AEA0E0AC7F800A0DDF80CE0C2E7029D1D
:105FF000032D41D193F9107001370DD05F69D3F8AB
:1060000024B0D7F800A019EA020F14BF4AEA0B0A1D
:106010002AEA0B0AC7F800A00F68DD6A27EA05071D
:106020000F6058B1D4F804A03768B7FBF8F74743BE
:10603000D4F804B0ABEB0A0B5F45F9DC0F68DD6AFE
:106040002F430F6058B1D4F804A03768B7FBF8F7B6
:106050004743D4F804B0ABEB0A0B5F45F9DC93F986
:1060600011700137A8D0DF699D6A3F682F421EBFBB
:10607000009D154300959FE70F68DD6A2F430F6071
:1060800058B1D4F804A03768B7FBF8F74743D4F801
:1060900004B0ABEB0A0B5F45F9DC93F910700137E4
:1060A0000DD05F69D3F824B0D7F800A019EA020F29
:1060B00014BF4AEA0B0A2AEA0B0AC7F800A00F68C5
:1060C000DD6A27EA05070F60C9E752087AE700BFD3
:1060D00020A107009C000020001000E040420F00BB
:1060E00007B501228DF807100DF10701FFF7DEFE5D
:1060F0009DF8070003B05DF804FB0346006820B17B
:106100005B6893E8060000F00FB97047006808B1BB
:1061100000F02CB9704790F90E00431C01D007F035
:1061200037BE704710B50446FFF7E7FF2046002151
:10613000BDE81040FFF7EFBF10B501210446FFF79F
:10614000EAFF2046BDE81040FFF7E0BF2DE9F0412F
:106150001C4606460D461746FFF7E4FF069B04EB78
:106160000308444508D12F44BD420BD13046FFF708
:10617000E3FF0120BDE8F08114F8011B3046FFF772
:10618000AFFFEEE715F8011B3046FFF7A9FFEBE77D
:106190002DE9F0410D4617469DF81C8006461C4629
:1061A000FFF7C0FF2F44BD4209D1069BE518AC4262
:1061B0000BD13046FFF7C0FF0120BDE8F08115F894
:1061C000011B3046FFF78CFFEDE741463046FFF7F5
:1061D00087FF04F8010BEAE72DE9F0411646444A2F
:1061E000DDF818801C460123C0E91B230D465C2204
:1061F0000021074608F030FFF3B24A2B28D83D4A69
:1062000052F8233006F4E0661E43EBB24A2BFE65DB
:1062100032D8384A52F8233005F4E0651D43E3B222
:106220004A2B3D663CD8334A52F8233004F4E064EC
:106230001C435FFA88F24A2A7C6645D82D4951F8FA
:10624000222008F4E0631343BB663846BDE8F081C2
:1062500006F0C002C02A0CD1CF2B0AD8264B06F07C
:106260003F0206F4E06653F82220224B53F8223016
:10627000CAE74FF0FF36C8E705F0C002C02A0CD1CC
:10628000CF2B0AD81C4B05F03F0205F4E06553F80C
:106290002220184B53F82230C0E74FF0FF35BEE7FD
:1062A00004F0C002C02A0CD1CF2B0AD8124B04F044
:1062B0003F0204F4E06453F822200E4B53F82230DE
:1062C000B6E74FF0FF34B4E708F0C003C02B0CD1A1
:1062D000CF2A0AD8084B08F03F0253F82210054A8B
:1062E00008F4E06352F82120ADE74FF0FF33ABE74D
:1062F00000093D00C84301088843010837B5012360
:106300000D460022074980F85120C16680F87030A0
:1063100080F8712080F87250009500F06DF803B09D
:1063200030BD00BF00093D001FB502AB83E8060089
:10633000C16E029A9142044605D1026F03994A4008
:1063400032F07F4210D09A8802989B79E066A4F8D8
:10635000702084F87230009394F8703094F87120B3
:10636000E16E204600F048F804B010BD7047002BE5
:1063700093B20CBF0A46002200F064B907B54B2364
:1063800000934A22072306210248FFF725FF03B0A6
:106390005DF804FBD876002030B591FAA1F391FAAC
:1063A000A1F1B3FA83F3C4685B000325B1FA81F16C
:1063B00005FA03F3490024EA03038A401A43C26042
:1063C00030BD0000084A0346106863B1074A934293
:1063D00001D103F071BC064A934201D103F05CBCC9
:1063E000044A9342FAD070479C00002000300140DC
:1063F00000380040003C00402DE9F04F0E4685B0CB
:1064000015461F460446002800F0C6808349006EEA
:1064100005F0D8FE82498146E06D05F0D3FE814942
:106420008346606E05F0CEFE7F498046A06E05F083
:10643000C9FE8246B9F1000F00F0AE80BBF1000F3B
:1064400000F0AA80B8F1000F00F0A6805946484637
:1064500005F0DFFE51468146404605F0DAFE014672
:106460008046484605F0D5FEA065B9F1000F00F062
:106470009380B8F1000F00F08F80002800F08C802E
:10648000A26E9DF838302060511C0CBF4FF4007292
:106490004FF48022002B14BF00234FF48273A261BB
:1064A0006360FFF78FFFB6EB500F78D2B6EB900F1B
:1064B00077D2B6EBD00F76D2B6EB101F75D2B6EB13
:1064C000501F74D2B6EB901F73D2B6EBD01F2CBF07
:1064D00030233823E361002D6DD0022D6DD0013DB6
:1064E00018BF01256D000123B7FA87F7C4E90453EB
:1064F0007F09072300269F40E3624849206EA6607B
:10650000C4E90876A662E66005F044FE4449E06D01
:1065100005F040FE606E434905F03CFE2369B3423E
:10652000636EC3F3031114BF01220222082998BF2E
:106530003E4803F00F0398BF50F821003C4988BF44
:106540003046022A51F8231018BF0122FFF724FF1A
:106550003549A06E05F01EFE2368364A93422ED1BF
:1065600000230193344B5A6C42F480525A645A6CA3
:1065700002F480520192019A5A6A42F480525A629D
:106580005A6A22F480525A62204603F0C4FB226801
:10659000136843F04003136005B0BDE8F08F00239B
:1065A00098E7082396E7102394E7182392E720231F
:1065B00090E728238EE72B4696E7002394E71F4AAF
:1065C000934214D1002302931B4B1A6C42F4804275
:1065D0001A641A6C02F480420292029A1A6A42F415
:1065E00080421A621A6A22F480421A62CCE7144A84
:1065F0009342C9D1002303930F4B1A6C42F400421B
:106600001A641A6C02F400420392039A1A6A42F462
:1066100000421A621A6A22F40042E6E7C03B01080F
:106620006C3B0108183B0108C43A01086C000020CB
:106630006C3A010800300140003802400038004048
:10664000003C00402DE9F0410D4616461C4633B390
:10665000076801F089F98046BB689907FCD5D5B178
:1066600015F8013B3B73BB68DA07FCD53B7B0EB1E9
:1066700006F8013B01F078F9A0EB0800B0F57A7F4D
:1066800004F1FF3409D2002CE6D12046BB681B067A
:10669000FCD4BDE8F081FF23E4E70120F6E7022007
:1066A000F7E700220260C260002241710261704778
:1066B00010B50446006810B1102105F089F8204695
:1066C00010BD10B501238AB0CDE900330223016863
:1066D00004461A4603A8FFF704FA0DF10A0103A8BD
:1066E000FFF7BEFA2071BDF80A00C00880000AB0AA
:1066F00010BD30B5012593B0CDE9005504460168C1
:106700000223052204A8FFF7ECF9A168022204A8DD
:10671000FFF743FACDE900550223216804220BA8B4
:10672000FFF7DFF90DF10E010BA8FFF799FA2071C1
:10673000BDF90E0013B030BD08B5FFF7C2FFF9F781
:10674000E1FE05A3D3E90023F9F746FFFAF714FAAF
:1067500000EE100A08BD00BFFCA9F1D24D62503F07
:1067600010B50446FFF7C5FF94ED030A07EE900A43
:10677000B8EE400AF8EEE77A87EE800A10BD30B531
:106780004FF480520A2391B00125C0E902234FF053
:1067900080430361CDE900550446016802230522C8
:1067A00002A8FFF79EF9A168022202A8FFF7F5F9F7
:1067B000CDE9005502232168002209A8FFF791F9CD
:1067C000022243F69F1109A8FFF7E7F9207111B0E3
:1067D00030BD70B5056804460E4645B9102004F07A
:1067E000F3FF617905463246FFF76FFA25602846C8
:1067F0000121FFF786FA054610B12046FFF7BFFFDB
:10680000284670BD30B54FF42052192391B00125B0
:10681000C0E90223104B0361CDE90055044601682D
:106820000223052202A8FFF75CF9A168022202A850
:10683000FFF7B3F9CDE9005502232168002209A82A
:10684000FFF74FF9022243F69F1109A8FFF7A5F9B8
:10685000207111B030BD00BFCDCC4C3F10B5044607
:106860000846627063602170002107F027FA6078A3
:10687000002107F023FA2078002107F089FA6078D8
:10688000002107F085FA204610BD01F0070141EA1A
:10689000C201817070470000074B0849084A1B6815
:1068A000B3FBF2F3426810B54C6853434A68121BBD
:1068B0009342FBDC10BD00BF9C000020001000E0F4
:1068C00040420F0010B501210446407807F0F6F968
:1068D0002046BDE81040FFF7DFBF10B50121044698
:1068E000407807F0EBF92046FFF7D6FF207800212B
:1068F00007F0E4F92046FFF7CFFF6078002107F0AA
:10690000DDF92046BDE81040FFF7C6BF70B504466C
:106910000E4608250121207807F0D0F92046FFF720
:10692000BBFFF3074CBF00210121607807F0C6F9D7
:106930002046FFF7B1FF2078002107F0BFF9013DA5
:106940002046FFF7A9FF15F0FF054FEA5606E1D1F3
:106950002078012107F0B2F92946607807F0AEF9F6
:106960002046FFF799FF2946207807F0A7F920462F
:10697000FFF792FF607807F043FA10F0FF0503D1AC
:106980006078012107F09AF92046FFF785FF20780B
:10699000012107F093F92046FFF77EFF281E18BF5C
:1069A000012070BDF8B5044617461E460D46FFF798
:1069B00089FF40212046FFF7A9FF2046FFF78DFF02
:1069C0002046FFF77FFF06F003014039C9B2204699
:1069D000FFF79CFF2F44BD4212D12046FFF77DFFF9
:1069E0002046FFF76FFFA17801F00F01204641F02C
:1069F0008001FFF78BFF2046BDE8F840FFF76DBF31
:106A000015F8011B2046FFF781FFE4E707B50422D4
:106A100000230DEB02010193FFF7C4FF03B05DF803
:106A200004FB10B5531E033213F8010F21F07F044D
:106A30002043490093421870C9B2F5D110BD00003F
:106A40002DE9F74F0C1EB8BF64429DF830509DF8F9
:106A500034808146BABF64B20121002101AFCAB9B6
:106A6000C5B93A4608F1FF332946AB420EDC08337C
:106A70006B443F2203F8042C9DF8383042463946D7
:106A80004846FFF78FFF03B0BDE8F08F02F8011B07
:106A90000135EAE7DFF858B007EB08064FF0400A87
:106AA000BE4207D1002BE7D03A4619464846FFF7C9
:106AB000B8FFE1E792FBF4FE04FB1E205FFA80FCC6
:106AC00040B93AB935B906F8015C09B106F801AC2C
:106AD000002108E00CF00F0C1BF80CC006F801CCEC
:106AE00008B9002AF1D01FFA8EF2013ED8E700BFA4
:106AF000A836010830B585B00C1E9DF824500295CB
:106B0000A8BF0A219DF82050B8BF6FF00901002CE2
:106B1000B8BF6442CDE900351346A2B2FFF790FF3B
:106B200005B030BD13B59DF81040CDE900341346D3
:106B30000022FFF7DFFF02B010BD38B50B460A2B6D
:106B4000416A90F84D20044608D1CB781A4480F869
:106B50004D20002384F84C30012038BD8D7890F80A
:106B60004C10083000F0FEF894F84C302B44DBB2A7
:106B7000F0E700002D2970B50446154609D82729ED
:106B800075D92939042917D8DFE801F03C2B2B2DC2
:106B90004000A1F14C03012B49D93F2967D901F0ED
:106BA0003F03C21892F82C60FF2E1AD011F0300F5C
:106BB00050D12946304646E02B34002314F8010F0B
:106BC000FF2803F1010509D00F2B04D8012107F09C
:106BD00075F8EBB2F2E7022107F070F8EBB2162B72
:106BE000ECD1012070BD2349234B48681B68234A20
:106BF000B3FBF2F3002D08BF00234A68121A934238
:106C0000FBDCEEE7104607F039F9EAE719491A4BC1
:106C100048681B68194CB3FBF4F3022A8CBF0222AC
:106C2000052253434A68121A9342FBDCD9E701F06C
:106C30003F010C4494F82C0042B9012107F03EF8C2
:106C400094F82C00294607F0A3F8CAE7022107F0C0
:106C500035F8C6E7102B01D106F07EFE304607F06E
:106C6000CFF8003818BF012084F82700B9E70020CA
:106C7000B8E700BF001000E09C00002040420F0079
:106C800080F8371080F8382080F8393070470000DD
:106C900010B504460846143819460C2828D8DFE8F1
:106CA00000F00C27270718232727272727270A0064
:106CB0001048FEF739F9012010BDA36923B92368F4
:106CC0000D4A5B7B5343A3610A480021FEF79AFA01
:106CD000F1E7A1690748FEF78BF894F824100548FE
:106CE0004908FEF7A7F8E6E70248FEF7C5F9E2E72C
:106CF0000020E1E7E8750020A0860100C16170472F
:106D000070B5C46925788D421FD866788E421CD331
:106D1000A678E47814FB06F4E4B2491B614313FA45
:106D200081F39BB2DB009BB2191D0C3389B2541E58
:106D30009BB2C5696D5C04F8015F013189B299426B
:106D4000F7D190F8233023B970BD0023136053604E
:106D5000F7E7531E073213F8011FC9439A4219700F
:106D6000F9D1F1E72DE9F04F144689B0C2690593D6
:106D70009378D2782244D2B25F1803924A1CFFB2B1
:106D8000013BD2B2974238BF0023DBB280460E46A9
:106D900004934FF000090DF1180BA9EB060A3546D4
:106DA0005FFA8AFA05EB0A030599DBB25A464046B8
:106DB000FFF7A6FF29460135CDF800B00123224692
:106DC000EDB200F0BEF9AF42ECD8049B01334B4466
:106DD0005FFA83F90134039BE4B2A342DDD809B022
:106DE000BDE8F08F10B404691346A4460A465DF866
:106DF000044B1721604707B58DF807100DF1070206
:106E00000121FFF7EFFF03B05DF804FB10B4046944
:106E10000023A4461A465DF8044B1821604710B4BD
:106E200004690023A4461A465DF8044B1921604703
:106E3000F8B5044616460D46FFF7E8FF4021204608
:106E4000FFF7D9FF276933462A4620461721B8475E
:106E50002046BDE8F840FFF7E2BF10B4C4680A4618
:106E6000A44600235DF8044B1521604710B4C468A4
:106E70000A46A44600235DF8044B1621604710B46F
:106E8000C4681346A4460A465DF8044B17216047C0
:106E900010B4C4680023A4461A465DF8044B1821B8
:106EA000604710B4C4680023A4461A465DF8044B3A
:106EB0001921604773B505460C462178192906D873
:106EC000172921D816D014290BD802B070BDFE297D
:106ED000FBD162788DF807202921284600F082F93D
:106EE00006E06278EE688DF8072000232846B04758
:106EF0000234E2E763788DF807300DF107020121D3
:106F00002846FFF7BCFFF3E70023EE681A46284641
:106F10000134B047D1E7000014392DE9F0410446AF
:106F200015461E4605294ED8DFE801F03303181C2C
:106F30004145264E33780BB1FFF771FF2046FFF72E
:106F400065FF00212046FFF756FF29462046FFF740
:106F500052FF012333700120BDE8F0811146FFF795
:106F60004AFFF8E7194F3B780BB1FFF758FF182D90
:106F7000324606D829462046FFF75AFF00233B70C9
:106F8000E9E718212046183DFFF752FFEDB2183609
:106F9000EDE790F824300769FF2B04BF782380F8D1
:106FA0002430BC4633461421BDE8F0416047074B0E
:106FB00000221A70CFE7054D2B780BB1FFF72FFF9A
:106FC00000232B70C7E70020C6E700BF4C770020E6
:106FD0000B39F8B5044615461E46042955D8DFE896
:106FE00001F003540C1B29002AB929492046FFF758
:106FF00061FF0120F8BD2749F8E73AB92649FFF7B4
:1070000059FF23689B7C84F82230F2E72349FFF77D
:1070100051FF2368DB7CF6E7FFF73AFF812120462A
:10702000FFF71BFF29462046FFF720FF2046FFF70A
:1070300038FFDEE7FFF72CFF737994F8227007EB37
:10704000C30707F0FF0740212046FFF706FF390975
:1070500041F010012046FFF700FF07F00F01204626
:10706000FFF704FFB179204641F0B001FFF7FEFEC3
:1070700031793268C90001F0F8012046013DFFF77F
:10708000FEFE15F0FF05F3D1D0E70020B2E700BF08
:10709000E3360108DE360108D7360108D03601088C
:1070A00038B504460D46FFF793FF50B9092D0AD0B5
:1070B0000A2D07D1204600F014F805492046FFF7B5
:1070C000F9FE012038BD0349204600F005F8F8E735
:1070D000E8360108B836010801608B7C80F8223060
:1070E000704738B5002304461A4645692821A84749
:1070F00000231A46E56814212046A84720460122AD
:107100004B2100F06FF8236820461A79292100F0FE
:1071100069F8204600224B2100F064F823682046DD
:107120001A79292100F05EF8204601224B2100F057
:1071300059F8236820465A792921BDE8384000F0E3
:1071400051B813B58DF80430049B8DF805108DF8F7
:107150000620009384686B4601220F21A04702B0ED
:1071600010BD10B484680023A4461A465DF8044B91
:107170000921604710B484680023A4461A465DF8CC
:10718000044B0A21604710B484680A46A4460023D1
:107190005DF8044B0B21604773B5036800915D7C7B
:1071A0000123ADF80430002304468DF80630226830
:1071B000A668127C6B460F212046B0479DF806302A
:1071C0000133DBB2AB428DF80630F0D302B070BDB4
:1071D00007B500236946CDE90033FFF7DDFF03B0B3
:1071E0005DF804FB10B444690023A4465DF8044B29
:1071F00060470020704700000A4A0023FF21C0E9D1
:107200000222C0E90422036080F8233080F826308F
:10721000836180F8241080F8281016222C3007F0A3
:107220001BBF00BFF37100082DE9F041DDF81880A5
:1072300004460F4616461D46FFF7DEFFC4E90276F8
:10724000C4E904582046BDE8F041FFF78ABF704703
:10725000704710B50C21044604F0BAFA204610BD60
:1072600010B50C21044604F0B3FA204610BD00000E
:1072700038B50C4605461D22002104F10B0007F02D
:10728000EBFE09490B22204607F00DFF0123E360C6
:107290006B6823610D236361044BE361044BA361BD
:1072A000044B236238BD00BFDC330108000020C25C
:1072B0000000AA420AD7233C38B50C4605461D22D9
:1072C000002104F10B0007F0C7FE09490B222046FC
:1072D00007F0E9FE0123E3606B6823610623636125
:1072E000044BE361044BA361044B236238BD00BF30
:1072F000DC3301080000964300808944A69B443C8F
:1073000038B5002504460160C0E90155C0E90355C0
:10731000C0E90E5585610C2004F056FA084B036055
:107320004FF48C73C0E90134E0600C2004F04CFA97
:10733000044B8460C0E900352061204638BD00BFA1
:107340002C3A0108483A010838B58568044635B139
:107350002846FEF767FD3821284604F039FA6068B0
:1073600010B1102104F034FAE06810B103685B68D2
:107370009847206910B103685B689847204638BD7C
:107380001FB5044640688DF80D2058B10023CDE9A3
:1073900000338DF80C100123022203A9FEF7C1FC73
:1073A00004B010BD01F07F0100908DF80C10034671
:1073B0000222A06803A9FEF7C9FEF1E7F8B58769C4
:1073C0009DF818509DF81C6004467FB3DB0002F066
:1073D000070203F03803134343EA811190F8383071
:1073E00080F83C1005F0070206F0070162F3C503C0
:1073F00061F30203920080F8383042EA4112C3F38D
:10740000C0131A43F521FFF7BBFF94F83C20C2F3E9
:10741000C20302F007019B0043EA411343EA9212C0
:107420002046F421BDE8F840FFF7AABFF8BD1FB51C
:107430000446406868B100230122CDE9002303AB74
:107440008DF80C101946FEF7D6FC9DF80C0004B020
:1074500010BD0122FF23CDE9002361F07F0103ABC2
:107460008DF80C10A0681946FEF792FEEDE71FB5E7
:107470000446406880B102238DF80C100021CDE94C
:10748000003103AB01221946FEF7B5FCBDF80C0034
:1074900040BA80B204B010BD0223FF22CDE9003211
:1074A00061F07F0103AB8DF80C10A0680122194632
:1074B000FEF76EFEEAE708B5FFF7D9FF40BA80B2E3
:1074C00008BD1FB504464068B0B103238DF80C1009
:1074D0000021CDE9003103AB01221946FEF78BFCF8
:1074E0009DF80D309DF80C209DF80E001B0243EA1C
:1074F0000243184304B010BD0323FF22CDE900323C
:1075000061F07F0103AB8DF80C10A06801221946D1
:10751000FEF73EFEE4E710B588210446FFF7CBFFF7
:107520008A2120842046FFF7C6FF8C2160842046F4
:10753000FFF7C1FF8E21A0842046FFF7BCFF9021FA
:10754000E0842046FFF7B7FF922120852046FFF711
:10755000B2FF942160852046FFF7ADFF9621A085FC
:107560002046FFF7A8FF9821E0852046FFF7A3FFFC
:107570009A2120862046FFF79EFF9C2160862046A8
:10758000FFF799FF9E21A0862046FFF794FFE08633
:1075900010BDF7B5044680680F461646E0B960682E
:1075A00010B1102104F014F9102004F00DF939463F
:1075B00005462268FEF789FB656001212846FEF733
:1075C000A0FB30B1D0212046FFF731FFB042A061CF
:1075D00005D0002003B0F0BDFEF72DFCF1E72046FA
:1075E000FFF799FF0023CDE9003305231A46032155
:1075F0002046FFF7E3FE642006F040FC0120E9E7A7
:10760000836910B504460BB3FA21FFF75AFF228CA9
:10761000B4F922109FED0F7AC2EB20235200C2EB87
:10762000E0124A435B43B4F924101B134B439B13F2
:1076300003EBE223E36103EB830380331B1207EECA
:10764000903AF8EEE77A87EE870A10BD9FED020ABE
:10765000FBE700BF0000C8420000C07F38B50C4601
:10766000054620220021201D07F0F6FC242323607C
:107670006B6863600D23A36006F0FEFB2061A868C1
:10768000FFF7BEFF84ED050A012038BD83692DE9AF
:10769000F0410446002B00F0B980FFF7B1FFF7215D
:1076A0002046FFF70EFFE1694FEAE17CB1F5FA31C0
:1076B0004CF1FF3CA1FB01E501FB0CF305EB43059D
:1076C000B4F92830DE1703FB0CF201FB0622A3FB02
:1076D0000136324412031E0342EA1352B4F92A302F
:1076E0004FEAE37803FB05F70EFB0877A3FB0E38A0
:1076F00047441B0A43EA07639B19B4F8268042EB10
:10770000272202F50042A3FB083608FB0266F317A6
:10771000721053EA66064FF000077AD0B4F9306071
:107720004FEAE67875430EFB0855A6FB0EE6354496
:10773000B4F92E604FEAE67806FB0CFC01FB08CC9E
:10774000A6FB01616144490441EAD6310011760487
:1077500016EB0E06C0F58010B4F92CC045EB010500
:1077600000F00041BF1941EA5001C007C01B05EB02
:10777000CC0561EB050140F63545A0FB050605FB90
:107780000161F9F757FBB4F9363007464D137A0B10
:1077900042EAC14208464FEAE37C03FB05F102FBE3
:1077A0000C11A3FB023C61445D4302FB0155A3FBAA
:1077B00002322A445B0E43EAC213DB1940EB6261DA
:1077C000B4F93420D517504305FB0700A2FB072668
:1077D0003044D20C42EA40329B1841EBE042B4F90B
:1077E0003200C1171B0A090143EA026341EA107122
:1077F0000001C01841EB2221F9F7DEFADFED067A2D
:1078000000EE100A20EE270ABDE8F0819FED030A82
:10781000FAE79FED030AF7E70000803B0000C07F16
:107820000000000038B50C46054620220021201D2E
:1078300007F012FC242323606B6863600623A360B7
:1078400006F01AFB2061A868FFF720FF9FED037A7E
:10785000C0EE077A0120C4ED057A38BD0000C842A9
:1078600008B52DED028BB0EE408AFFF70FFF9FEDBC
:10787000167AC0EE077AC7EE887A17EE900AF8F704
:1078800053FE9FED0D1B41EC100B09F06DFA0F49F3
:1078900053EC102B0020F8F7E7FC09A3D3E90023F1
:1078A000F8F79AFEF9F768F9BDEC028B00EE100AC2
:1078B00008BD00BFAFF30080EBE2361AC05BC83FE3
:1078C0000000000040A5E5400000C8420000F03F75
:1078D0007047000038B50E4B1A784FF47A73B3FB3B
:1078E000F2F30C4A05461068B0FBF3F000F0E8FA3A
:1078F000044658B90F2D09D8024629464FF0FF30EB
:1079000000F08CFA044B20461D6038BD0120FCE7D6
:10791000400000209C0000204400002008B50B4BD4
:107920001A6842F400721A601A6842F480621A609F
:107930001A6842F480721A60032000F05DFA002099
:10794000FFF7C8FFFFF7C4FF002008BD003C02405E
:10795000034A044B11681B780B441360704700BF47
:107960005077002040000020014B1868704700BF8E
:107970005077002038B50446002800F09B80056C45
:1079800025B904F0A5F8656484F83C50236CDB0647
:1079900000F18E80236C23F4885323F0020343F01C
:1079A00002032364444B5A6822F440325A605A68F6
:1079B00061680A435A60236821695A6822F4807218
:1079C0005A605A6842EA01225A605A68A16822F055
:1079D00040725A605A680A435A609A68E16822F411
:1079E00000629A609A680A439A603449A26A8A429D
:1079F00052D0996821F07061996099680A439A6041
:107A00009A68E16A22F040529A609A680A439A6042
:107A10009A6822F002029A609A68217E42EA410244
:107A20009A6094F82020002A3ED05A68616A42F495
:107A300000625A605A6822F460425A605A680139FA
:107A400042EA41325A60DA6AE16922F47002DA628B
:107A5000DA6A013942EA0152DA629A6822F4007263
:107A60009A609A6894F8301042EA41229A609A68C3
:107A7000616922F480629A609A68002042EA812259
:107A80009A606064236C23F0030343F001032364D2
:107A9000002384F83C3038BD9A6822F070629A6006
:107AA0009A6822F04052B2E75A6822F40062C9E7AD
:107AB0000120EDE70120EEE7002301400100000F67
:107AC00038B50446A0B1036C43F0020303640368B5
:107AD0009A6822F001029A609D6815F0010503D1B1
:107AE00004F03EF865642564002084F83C0038BD4D
:107AF0000120FCE782B00023019390F83C30012B79
:107B000069D0012380F83C3003689A68D2070BD50E
:107B10009A68D1071AD4036C43F010030364436CD2
:107B200043F0010343644CE09A682C4942F001029F
:107B30009A602B4A1268B2FBF1F202EB4202019208
:107B4000019A002AE4D0019A013AF8E7026C22F483
:107B5000E06222F0010242F4807202645A68520527
:107B600041BF026C22F4405242F480520264026C23
:107B700012F480521CBF426C22F0060242640022C2
:107B800080F83C206FF022021A60164A516811F00A
:107B90001F0F15491CD18B4207D001F580718B4214
:107BA0000CD1526812F01F0F0BD19A6812F0405F8F
:107BB00007D19A6842F080429A6002E00B498B42FA
:107BC00002D0002002B07047526812F0100FEBE7AD
:107BD0008B42F6D1E9E70220F4E700BF40420F00F4
:107BE0009C000020002301400020014000220140B1
:107BF00090F83C30012B14D003689A6822F00102FF
:107C00009A609B68DB0707D4036C23F4885323F046
:107C1000010343F001030364002380F83C3018465D
:107C200070470220704703689A68520570B5044691
:107C30000D460BD59B68DE0508D5036C43F0200389
:107C40000364002380F83C30012070BDFFF78CFEF8
:107C5000064623681A6891070CD56FF012021A6065
:107C6000226C42F4007222649A6812F0405F17D0CE
:107C70000020EAE7681CEDD065B923681B6813F0A3
:107C80000203E6D1226C84F83C3042F00402226404
:107C90000320DAE7FFF768FE801BA842EDD8D8E79B
:107CA000227E002AE4D1DA6A12F4700F02D09B68B7
:107CB0005A05DDD4236C23F480732364236CDB0426
:107CC000D6D4236C43F001032364D1E70368D86C56
:107CD00070470000F7B50023019390F83C30012B6A
:107CE00005467CD0012380F83C3008682B688E68FC
:107CF000092884B230D904EB4402DF681E3A4FF001
:107D0000070C0CFA02FC27EA0C07DF60DF6806FAB2
:107D100002F23A43DA604968062901EB81022AD867
:107D2000596B053A1F26964021EA06015963596BA3
:107D300004FA02F20A435A632A4A934207D11228EC
:107D400034D1D2F8043343F48003C2F80433002062
:107D500085F83C0003B0F0BD1A6900EB400C072722
:107D600007FA0CF722EA07021A611A6906FA0CF6FA
:107D700016431E61CFE70C294FF01F010BD81E6B75
:107D8000233A914026EA01011963196B04FA02F2C1
:107D90000A431A63D0E7DE6A413A914026EA0101BC
:107DA000D962D96A94400C43DC62C5E7A0F11003A4
:107DB000012BCCD80C4A5368102843F400035360BD
:107DC000C5D10A4B0A4A1B68B3FBF2F30A2253439C
:107DD0000193019B002BBAD0019B013BF8E70220E5
:107DE000B8E700BF00200140002301409C000020B4
:107DF00040420F00006C70470749CA6822F4E062F5
:107E00000302120403F4E063120C134343F0BF6354
:107E100043F40033CB60704700ED00E0164B30B503
:107E2000DC68C4F30224C4F10703251D042B28BF1A
:107E30000423062D4FF0FF358CBF033C002405FAC8
:107E400003F321EA0303A54022EA0502A340002828
:107E500043EA0203ACBF00F16040084A4FEA031353
:107E6000B8BF00F00F00DBB2AABF00F561401354A9
:107E700080F8003330BD00BF00ED00E014ED00E0FD
:107E8000002807DB044A4109012300F01F0083405A
:107E900042F82130704700BF00E100E000280CDB11
:107EA0004309064900F01F0020330122824041F8B7
:107EB0002320BFF34F8FBFF36F8F704700E100E0C7
:107EC0000138B0F1807F0BD24FF0E023054A5861B2
:107ED000F02182F823100020072298611A61704770
:107EE0000120704700ED00E0002808DB4309044949
:107EF00000F01F0001226033824041F823207047C8
:107F000000E100E0704708B5FFF7FCFF08BD7047CF
:107F100010B5044650B1437903F0FF0213B9027162
:107F2000FFF7F5FF01236371002010BD0120FCE77E
:107F300010B5044668B1037903F0FF0213B942712A
:107F400003F040FD022323710020012320612371EF
:107F500010BD0120FCE710B5044640B102230371B7
:107F600003F08AFD002020616071207110BD0120A6
:107F7000FCE730B5034650B34279012A4FF00200C6
:107F800016D01A681871156801F010040120A0407D
:107F90002843106069B9116801F03C013C2903D104
:107FA000516841F001015160012200201A7158719D
:107FB00030BD1168002C01F470110CBF3C204FF44F
:107FC00070108142F0D1516841F00201EBE70120CD
:107FD000EEE710B5012358B1046801F010012268E2
:107FE00003FA01F122EA010222600371002010BDB0
:107FF0001846FCE713B50024019470B100680190A5
:1080000041B9019908310A440192019A0020136094
:1080100002B010BD01991431F5E70120F8E730B541
:1080200003460C4608B301B3417901294FF0020021
:108030001AD01871186802F01002056840F6FE7137
:10804000914025EA0105D4E90014214391402943D8
:1080500001600168C02404FA02F221EA020202600F
:10806000012200201A71587130BD0120FCE770B563
:108070000446866DFFF778FC94F83530022B0546F0
:1080800006D0802363650120002384F8343070BD5E
:1080900023681A6822F016021A605A6922F08002D8
:1080A0005A61226C0AB9A26C1AB11A6822F008024D
:1080B0001A601A6822F001021A602368186810F02A
:1080C000010007D1E26D3F239340B360012384F8A0
:1080D0003530D9E7FFF748FC401B0528EDD92023B0
:1080E0000320636584F83500CEE790F83530022B25
:1080F00003D080234365012070470268052380F880
:108100003530136823F0010313600020704790F8A6
:1081100035007047094910B50C6924F440740C61AE
:108120000C6944F440740C610C6944F001040C6166
:108130000260BFF36F8F436010BD00BF003C024080
:10814000074B1A6922F440721A611A6942F40072EC
:108150001A611A6942F001021A610160704700BF9A
:10816000003C0240074B1A6922F440721A611A69F6
:1081700042F480721A611A6942F001021A610180A8
:10818000704700BF003C02401A4BDA68D20606D5A1
:108190001949CA6942F01002CA611022DA60DA682D
:1081A000900606D51449CA6942F00802CA61202225
:1081B000DA60104BDA68510606D50F49CA6942F0F9
:1081C0000402CA614022DA60DA68120606D50A495A
:1081D000CA6942F00202CA618022DA60054AD368A5
:1081E0009B0706D50449CB6943F02003CB610223EA
:1081F000D3607047003C024048000020064B1A69DB
:10820000002ABFBF054A5A6002F188325A60BABFDD
:108210001869C00F00207047003C024023016745E9
:10822000034A136943F0004313610020704700BF05
:10823000003C0240114B70B500220446DA61FFF7A2
:1082400093FB0F4D0646EB68DA030CD4EB68DB07B3
:1082500044BF0123EB60E86810F0F20007D0FFF79D
:1082600093FF012003E0611CEDD00CB9032070BD29
:10827000FFF77AFB801BA042E5D9F7E74800002012
:10828000003C02402DE9F0411F4E9846337E012B01
:1082900007460D46144635D001234CF25030337654
:1082A000FFF7C8FFB0B9CFB9184B1A6922F4407272
:1082B0001A611A691A611A69E4B242F001021A617C
:1082C0002C704CF25030FFF7B5FF104A136923F0C1
:1082D0000103136100233376BDE8F081012F04D13F
:1082E000A1B22846FFF73EFFEBE7022F04D121465B
:1082F0002846FFF725FFE4E7224643462846FFF7D6
:1083000009FFDEE70220E7E748000020003C0240CA
:10831000074B1A6922F440721A611A6942F004028A
:108320001A611A6942EA002242F480321A617047E7
:10833000003C02400D4B1A6922F440721A611A691E
:10834000022994BF09024FF440710A431A611A6965
:1083500022F078021A611A6942EAC00040F0020075
:1083600018611A6942F480321A617047003C024079
:10837000144B1A6891050FD51A6822F400721A601E
:108380001A6842F400621A601A6822F400621A60E5
:108390001A6842F400721A600A4B1A6852050FD527
:1083A0001A6822F480621A601A6842F480521A60D5
:1083B0001A6822F480521A601A6842F480621A60C5
:1083C000704700BF003C02402DE9F843DFF894807D
:1083D00098F81830012B05460F463FD001234CF288
:1083E000503088F81830FFF725FF0446A0B94FF049
:1083F000FF333B602B68012B14D1287CFFF788FFEB
:108400004CF25030FFF716FF154A136923F00403AE
:1084100004461361FFF7ACFF002388F818302046AC
:10842000BDE8F883AE68DFF83890D5E9022313443D
:10843000B342EFD9297C3046FFF77CFF4CF2503035
:10844000FFF7F8FED9F8103023F07A03C9F810309E
:1084500010B13E600446DDE70136E6E70224DEE7C0
:10846000003C024048000020044A5169014208B51E
:1084700002D0506103F01CFD08BD00BF003C01406C
:108480002DE9F84606460F4691461D464FEA114A29
:108490003368BAF1010F39D15C6927EA0404A4B248
:1084A000B4FA84F46409A14501D0002024E06A1CD8
:1084B000EFD0FFF759FA089BC01AA84201D8002D47
:1084C000E6D1BAF1010F336818D15B6927EA0303DB
:1084D0009BB2B3FA83F35B099945D9D100232022DB
:1084E000336386F83D2086F83E30326C86F83C30A7
:1084F00042F0200232640120BDE8F8869B69DB432C
:10850000C3F3400383F00103DBB2E5E79C69E44376
:10851000C4F3400484F00104E4B2C4E770470000EF
:1085200070B5044608B9012070BD90F83D3003F0E5
:10853000FF021BB980F83C20FFF7F0FF242384F8EA
:108540003D3023681A6822F001021A601A6842F46A
:1085500000421A601A6822F400421A6001F09CFB83
:108560003F4B65689D4294BF3E4B3F4B98428CBF4A
:1085700000230123002BD6D12268394E51683B4B92
:10858000B0FBF3F321F03F011943B542516088BFBE
:108590004FF49676116A88BF734321F03F0184BF80
:1085A0004FF47A76B3FBF6F301330B431362D169D0
:1085B000431E2B4821F44F41854221F0FF0132D860
:1085C0006D0040F6FC70B3FBF5F30133034242D07B
:1085D000C3F30B031943D161D4E907301168034396
:1085E00021F0C0010B4313609168D4E9030321F427
:1085F0000341034321F0FF010B439360D4E90530AD
:10860000D168034321F0FF010B43D360136843F0AB
:108610000103136000202023206484F83D30206390
:1086200084F83E0080E7A06850B905EB4505B3FB30
:10863000F5F30133C3F30B037BB143F40043C9E704
:1086400019206843B3FBF0F30133C3F30B0323B1E9
:1086500043F44043BEE70423BCE70123BAE700BF6D
:10866000A08601007F841E00FF083D0040420F00ED
:10867000704710B5044698B10268242380F83D3055
:10868000136823F001031360FFF7F2FF002020645A
:1086900084F83C0084F83D00206384F83E0010BD5F
:1086A0000120FCE72DE9FF4704461F468946924614
:1086B000FFF75AF994F83D30202B054603D00220ED
:1086C00004B0BDE8F08700904A49192301222046F2
:1086D000FFF7D6FE0028F2D194F83C30012BEED003
:1086E000012384F83C3023681A68D2075EBF1A68F9
:1086F00042F001021A601A6822F400621A60242310
:1087000084F83D3000263C4B266409F0FE09E36204
:108710002268136843F4807313604FF001113B46E5
:10872000009500222046FFF7ABFE236838B11B6896
:10873000DB0544BF4FF4007323640320C0E7C3F894
:108740001090FFF711F92268536952690546C3F387
:108750004003C2F380224FF0A00894F83D10A029F6
:1087600001D013431DD020684FF0200884F83D80CD
:10877000436913F0020F036843F40073036025D0CC
:10878000002303934369039383690393039B19496C
:108790000095192301222046FFF772FE88B10120BF
:1087A0008EE7FFF7E1F8401BB84200D80FB984F814
:1087B0003D80226853695269C3F34003C2F38022AB
:1087C000CBE784F83D8084F83C0079E76FF4806360
:1087D000436108490095192301222046FFF750FE06
:1087E0000028DCD10136564592D384F83D8084F8C8
:1087F0003C00D4E7020010000000FFFFF7B50025A1
:1088000004460095019594F83D500898202D02D01B
:10881000022003B0F0BD25682E68B60503D40828F1
:1088200001D001281BD1284E46F2A8173668B6FBA6
:10883000F7F619277E430196019E013E0196019E9F
:1088400056B92023266384F83D3084F83E60236CBB
:1088500043F020032364DBE7AE69B707ECD494F858
:108860003C60012ED4D02E68F6075EBF2E6846F01D
:1088700001062E602E6826F400662E60212684F8FC
:108880003D60102684F83E60002626646385638D73
:10889000E06261642385236B0093009B6262112B6D
:1088A00005D1B0F52A0F02D0B0F12A4F03D12B68C1
:1088B00043F480732B60002084F83C006B6843F421
:1088C000E0636B60A5E700BF9C000020F7B50025C2
:1088D00004460095019594F83D500898202D02D04B
:1088E000022003B0F0BD25682E68B60503D4082821
:1088F00001D001281BD1374E46F2A8173668B6FBC7
:10890000F7F619277E430196019E013E0196019ECE
:1089100056B92023266384F83D3084F83E60236CEA
:1089200043F020032364DBE7AE69B707ECD494F887
:108930003C60012ED4D0012684F83C602E68F607F6
:108940005EBF2E6846F001062E602E6826F4006693
:108950002E60222684F83D60102684F83E600026B2
:1089600026646385638DE06261642385236B0093D5
:10897000638D62629BB2022B24D1202801D0102883
:1089800020D1009B122B2B681DD123F480632B6018
:108990002B6843F400632B604FF44072009B122B52
:1089A00005D1B0F52A0F02D0B0F12A4F03D12B68C0
:1089B00043F480732B60002084F83C006B68134301
:1089C0006B608EE72B6843F480632B604FF4E062AA
:1089D000E4E700BF9C00002037B5044690F83D0056
:1089E00000F02800282830D100292CD0002A2AD0D5
:1089F00094F83C00012828D025682868C0075EBF8D
:108A0000286840F001002860286820F40060286091
:108A1000292084F83D00202084F83E0000202064B6
:108A20006285628DE36201906B690193AB6901938A
:108A300084F83C00019B6B68616243F4E06322852B
:108A40006B6003B030BD0120FBE70220F9E737B5CA
:108A5000044690F83D0000F02800282830D1002975
:108A60002CD0002A2AD094F83C00012828D0256870
:108A70002868C0075EBF286840F0010028602868A9
:108A800020F4006028602A2084F83D00202084F82B
:108A90003E00002020646285628DE36201906B6974
:108AA0000193AB69019384F83C00019B6B686162A0
:108AB00043F4E06322856B6003B030BD0120FBE727
:108AC0000220F9E790F83D30202B14D1282380F8BC
:108AD0003D3003681A68D2075EBF1A6842F001028F
:108AE0001A601A6842F480621A605A6842F440724E
:108AF0005A600020704702207047704770477047E7
:108B000090F83D2008B5036DD2B283B9C36C0268FA
:108B1000012B836C05D1DBB21361036D0233036556
:108B200008BDC3F307231361036D0133F7E7036D3A
:108B3000012B03D1836C0268DBB2F4E7036D022BD7
:108B40002FD1222A05D10268136843F48073136081
:108B5000EAE7438D9BB263B1212A0AD1436A0268D6
:108B600013F8011B11614362438D013B9BB24385A6
:108B7000D6E7438D9BB2002BD2D1212AD0D10268F7
:108B8000516821F4E0615160116841F40071116095
:108B90002022036380F83D2080F83E30FFF7AFFFCE
:108BA000BEE703685A69120644BF00221A61B7E79C
:108BB0007047704737B5002301932D4B806B1B68BE
:108BC00090F83D2046F2A811B3FBF1F323214B436B
:108BD00001930368D2B2019941BB016C41F02001BD
:108BE0000164446B0CB10021E163816B09B1002584
:108BF000CD631D6825F480651D600025458504B1A1
:108C0000256501B10D65196821F00101196090F821
:108C10003D10602911D1202380F83D30002380F8D9
:108C20003E300364FFF7C5FF03B030BD0199013941
:108C3000019119688905CED4D3E702F02802282AC9
:108C40000ED1196841F001011960196841F4806181
:108C500019600023036380F83D20FCF77BFDE3E708
:108C6000202380F83D30002380F83E30F5E700BF38
:108C70009C00002010B590F83D2090F83E30102B5D
:108C8000D9B204460368D2B201D0402913D1222AB6
:108C900011D1196821F400611960596811F400615B
:108CA00006D1602A1EBF202284F83D2084F83E10A1
:108CB0000022226307E002F028012829EDD10022DA
:108CC000226384F83D105A6812F400624FD05A684B
:108CD000606B22F400625A6090F83530012B374BFC
:108CE0002BD00365FFF701FA50B12268606B13685F
:108CF00023F001031360202384F83D30036D98476F
:108D0000236C19071FBF2268536823F4E063536084
:108D100094F83D30226C5207DBB20DD5282B0BD1D5
:108D2000274BE362202200232363204684F83D2062
:108D300084F83E30FCF7E3FC10BDA06B0365FFF741
:108D4000D4F90028DCD023685A69510605D51A6980
:108D5000636A1A70636A013363622268A06B1368E6
:108D600023F001031360202384F83D30C6E794F814
:108D70003D10602915D1202184F83D1022645A69E4
:108D8000520605D51A69636A1A70636A0133636211
:108D90002268136823F0010313602046FFF709FFE0
:108DA000AEE75A69500605D51A69636A1A70636A94
:108DB000013363622046FCF7CDFCA1E7B58B0008C8
:108DC0000000FFFFF0B5036804465A68C66A90F8D1
:108DD0003E0094F83D1010288FB0C5B2C9B202D041
:108DE000402D40F0DD829F69586910F0010F07D1D6
:108DF000B6F52A0F02D0B6F12A4F51D10FB0F0BD0F
:108E000096054DD5E26AB2F52A0F0CD10122E26235
:108E100094F83E20402A11D1226D52B9626C02F0C2
:108E2000FE021A61EAE7E26AB2F12A4FF0D10822A3
:108E3000EDE7626C42F00102D2B2F2E72269B2F5CC
:108E4000804F1AD194F83D20212A626C11D102F092
:108E5000FE021A61626B0AB1D26B2AB9A26B002AB8
:108E6000CCD0D26B002AC9D05A6842F400625A6052
:108E7000C4E742F00102D2B2EBE7226D32B9626C74
:108E8000D21102F0060242F0F002CAE7226D012A76
:108E9000B4D1626CD21102F0060242F0F102C0E7D6
:108EA000060703D5960501D5626CE4E7860740F115
:108EB000E880960540F1E58094F83E10E26A256B63
:108EC00094F83D002228C9B240F0D380206D40B90B
:108ED000402906D101905A6901929B690193019B37
:108EE0008CE7216D89B92069B0F5404F0DD1029111
:108EF0005A6902929A690292029A1A6842F480723E
:108F00001A60236D0133236578E7618D89B251B909
:108F100003915A6903929A690392039A1A6842F478
:108F200000721A6019E0618D89B2012949D112F5E8
:108F3000803F1BD11A6822F480621A605A6812F4CA
:108F400000620CD01A6822F480621A600022049237
:108F50005A6904929B690493049B0023D3E705920A
:108F60005A6905929A690592059AD7E7082A1CD092
:108F7000202A1AD0122D0DD1012A16D11A6822F4F6
:108F800080621A60002206925A6906929B690693D3
:108F9000069BE2E7102AF1D8824941FA02F2D7078C
:108FA000ECD41A6842F48062EBE71A6822F480621B
:108FB0001A60002207925A6907929A690792079AE3
:108FC000ACE7618D89B2022930D1102A03D87649E5
:108FD000D140CE0715D4196821F480611960196851
:108FE00041F40061196059680D0514D5202A1AD87A
:108FF000072A0AD8012A0ED15A6842F480525A60D0
:1090000009E0196841F48061ECE7A2F10801674AC0
:10901000CA40D007F0D4002208925A6908929B698E
:109020000893089B99E712F5803FE4E7196841F43B
:10903000806119605968090510D5202A16D8072AB9
:1090400006D8012A0AD15A6842F480525A6005E0D3
:10905000A2F10801554ACA40D207F4D4002209926D
:109060005A6909929B690993099B76E712F5803F3B
:10907000E8E700220A925A690A929B690A930A9BBE
:10908000BCE67F0740F194805E6836053FF5B6AEDA
:10909000070600F004063ED550053CD5002E3DD114
:1090A00094F83D20258D94F83E10E06AD2B2C9B202
:1090B000C5B9212A18D1082858D0202856D010F533
:1090C000803F53D05A6822F4E0625A601123236330
:1090D000002384F83E30202384F83D302046FFF7FB
:1090E0000CFD8BE6212A05D040297FF487AE222A89
:1090F0007FF484AE628D92B21AB95A6822F480620B
:10910000B5E694F83E20402A16D120460FB0BDE8BF
:10911000F040FFF7F5BC002E3FF470AE97057FF5E9
:109120006DAE212939D1E16A94F83D20212A7FF4DE
:1091300065AE628D92B24AB1626A12F8011B196182
:109140006262638D013B9BB2638557E608290DD0AF
:1091500020290BD011F5803F08D0596821F4E06137
:1091600059601123236384F83E20B4E75A6822F43F
:10917000E0625A601A6842F400721A6000232022EA
:10918000236384F83D2094F83E2084F83E30402A42
:109190002046A4D1FFF7B3FC30E6402D7FF42EAE7D
:1091A000B3E700BFEBFFFEFF140001000101000167
:1091B00059680E053FF522AE450600F0040140F166
:1091C0008680500540F18380002940F0838094F828
:1091D0003D20222A7FF412AEE06A628D92B2032A09
:1091E00014D91A69636A1A70636A01336362638D02
:1091F000013B9BB26385638D9BB2032B7FF4FEAD75
:109200002268536823F480635360F7E5E56A022D12
:109210003FF473AF012A3FF670AF7B4A0B9112689F
:1092200046F2A811B2FBF1F202EB82020B920B9A0A
:10923000013A0B920B99D1B9226C42F020022264C0
:109240005A6822F4E0625A601A69636A1A70636AA3
:1092500001336362638D013B9BB26385202384F8F5
:109260003D30204684F83E10FCF774FAC6E51A68D3
:1092700012F40072DBD1196821F480611960596819
:1092800021F4E06159601969636A1970636A0133F6
:109290006362638D013B9BB26385202384F83D307C
:1092A00094F83E3084F83E20402B04D122632046BF
:1092B000FFF77EFCA2E5082801D0202801D1002379
:1092C00000E0122323632046FFF718FC96E50029EF
:1092D0003FF494AD92057FF591ADE26A608D616ACD
:1092E00080B2042809D15A6822F480625A601B694E
:1092F0000B70636A0133636223E7608D80B20328D9
:109300000CD15868042A20F480605860EFD0022AFB
:10931000EDD01A6822F480621A60E8E7608D80B2AE
:109320000228E4D1042A33D007D8012A07D0022A20
:109330002ED0186840F4007004E0102AF9D11868A3
:1093400020F4806018601B690B70616A4B1C6362BB
:10935000638D013B9BB2638523681B694B70636A15
:10936000216801336362638D013B9BB263854B6867
:1093700023F440734B60202384F83D3094F83E3052
:10938000402B4FF0000384F83E3005D123638EE775
:10939000186840F48060D5E7082A90D0202A8DE72D
:1093A000206C18B35869002587072FD596052DD551
:1093B000226C02B19D6994F83D2002F02802282A0F
:1093C00017D15A682F0622F480625A60C5F38001D3
:1093D00054BFE268A269002381F00101C9B284F898
:1093E0003C3092B22046FCF756F907E59D69586972
:1093F000DAE700220C9259690C919B690C930C9B43
:1094000084F83C20FAE400BF9C000020C60640F12E
:10941000B180950540F1AE8094F83D505A6822F431
:10942000E0625A6000220D925A690D921A6842F069
:1094300001021A600D9A1A6822F480621A605A6852
:109440001005EDB220D505F0F702222A4AD1A06B13
:109450000268526892B26285628D92B21AB1226C31
:1094600042F0040222645A6822F400625A60FEF755
:109470004EFE012808D0A06B794B0365FEF735FE40
:1094800010B1A06B036D9847638D9BB213B3236833
:109490005A69510709D51A69636A1A70636A0133F8
:1094A0006362638D013B9BB2638523685A695206F0
:1094B00009D51A69636A1A70636A01336362638D3E
:1094C000013B9BB26385638D9BB21BB1236C43F060
:1094D00004032364236C13B320460FB0BDE8F040AF
:1094E000FFF7C8BB606B0268526892B26285628DFA
:1094F00092B21AB1226C42F0040222645A6822F439
:1095000000625A60FEF703FE0128BDD0606B544B29
:109510000365FEF7EAFD0028B6D0606BB2E72A2D9E
:1095200006D12363282384F83D302046FCF7FCF85D
:1095300094F83D30282B0CD14A4BE36220220023C3
:109540002363204684F83D2084F83E30FCF7D7F8AA
:1095500054E4236B222B02D0222D7FF44FAC002346
:109560002022236384F83D2084F83E302046FCF717
:10957000DBF843E401F0F701212900F0040535D1BF
:10958000070627D5560525D53DBB94F83D00628DCD
:1095900092B2C0B2002A3FF431AC626A12F8015BA9
:1095A0001D616262628D013A92B26285628D92B2F1
:1095B000002A7FF423AC29287FF420AC5A6822F4D7
:1095C00080625A6028232163204684F83D30FCF7EE
:1095D000BDF813E4002D3FF411AC95057FF50EACFA
:1095E000628D92B2002A3FF409ACA5E5400627D56A
:1095F000510525D53DBB94F83D20618D89B2D2B28D
:1096000000293FF4FBAB1969636A1970636A01337F
:109610006362638D013B9BB26385638D9BB2002BBC
:109620007FF4ECAB2A2A7FF4E9AB2268536823F479
:109630008063536022232363282384F83D3095E719
:10964000002D3FF4DBAB92057FF5D8AB628D92B273
:10965000002A3FF4D3AB1A69636A1A7049E600BF67
:10966000B58B00080000FFFFF8B503685F695E680E
:1096700090F83E2017F480750446D2B206D016F456
:1096800080751EBF6FF4807159610125B80506D53C
:10969000F10542BF6FF4007145F00205596178058C
:1096A00036D5F10534D5608D94F83D10D4F830C02E
:1096B000202A80B2C9B25FD100285DD101F0F70045
:1096C000212804D0282957D1BCF1210F54D194F876
:1096D0003D20E16A0829D2B201D020292AD1282AC6
:1096E00028D12E4AE2625A6822F4E0625A606FF48E
:1096F00080625A611A6822F480621A600023202274
:109700002363204684F83D2084F83E30FBF7F7FFC2
:109710003A053FD5F3053DD523686FF4006245F067
:1097200008055A61236C1D4325642046BDE8F840B6
:10973000FFF7A0BA212A1BD11849E1622263002158
:10974000202284F83D2084F83E105A6822F4E0621A
:109750005A606FF480625A611A6822F480621A605B
:109760005A69100648BF19612046FBF7EFFFCFE7A3
:109770006FF480625A61CBE76FF48061102A5961FF
:1097800045F0040501D0402AC2D11A6842F40072A3
:109790001A60BDE7002DC5D1F8BD00BF0000FFFF76
:1097A00090F83D007047006C704700002DE9F341D0
:1097B000044640B30368DE0710D423689D075BD4DA
:1097C0002368190700F19D8023685A0700F1BD80C6
:1097D000A369002B40F0248100202CE08D4B9A6877
:1097E00002F00C02042A07D09A6802F00C02082A40
:1097F0000BD15B68590208D5864B1B689A03DCD5F0
:109800006368002BD9D1012015E06368814DB3F561
:10981000803F13D12B6843F480332B60FEF7A4F80C
:109820007C4E054633689B03C7D4FEF79DF8401B6A
:109830006428F7D9032002B0BDE8F081B3F5A02F6A
:1098400004D12B6843F480232B60E3E72A6822F4D9
:1098500080322A602A6822F480222A60002BDDD11F
:10986000FEF782F806462B689F03A6D5FEF77CF824
:10987000801B6428F7D9DDE7664B9A6812F00C0F5D
:1098800007D09A6802F00C02082A11D15B685D02C9
:109890000ED4604A1368990702D5E368012BB2D150
:1098A0001368216923F0F80343EAC103136087E7D3
:1098B000E268594BB2B101221A60FEF755F8554DD6
:1098C00006462B689B0707D52B68226923F0F8030F
:1098D00043EAC2032B6073E7FEF746F8801B0228B9
:1098E000EFD9A7E71A60FEF73FF84A4E05463368FE
:1098F0009F077FF565AFFEF737F8401B0228F6D9C2
:1099000098E76269444B82B10122C3F8802EFEF7CA
:109910002BF8404E0546736F9B073FF555AFFEF79A
:1099200023F8401B0228F6D984E7C3F8802EFEF7FF
:109930001BF8384E0546736F9F077FF545AFFEF75E
:1099400013F8401B0228F6D974E7324B1A6C12F058
:10995000805228D101921A6C42F080521A641B6C1A
:1099600003F080530193019B01272C4D2B68D805F0
:109970001BD5A368274D012B27D12B6F43F0010383
:109980002B67FDF7F1FF234E054641F28838336F10
:109990009A0739D5002F3FF41BAF1E4A136C23F0F2
:1099A0008053136414E70027DFE72B6843F48073C8
:1099B0002B60FDF7D9FF06462B68D905D9D4FDF7F2
:1099C000D3FF801B0228F7D934E7052B04D12B6F76
:1099D00043F004032B67D0E72A6F22F001022A67C5
:1099E0002A6F22F004022A67002BCAD1FDF7BCFFC0
:1099F00041F2883806462B6F9B07CBD5FDF7B4FFA5
:109A0000801B4045F7D915E7FDF7AEFF401B4045E9
:109A1000BDD90FE700380240000047420070004007
:109A2000374DAA6802F00C02082A3ED0022B354BB3
:109A30004FF000021A662BD1FDF796FF06462B6801
:109A400099011FD4D4E907321343626A43EA8213AF
:109A5000E26A43EA0263A26A5208013A43EA024315
:109A60006B60284B264D01221A66FDF77DFF0446E8
:109A70002B689A013FF5B0AEFDF776FF001B022878
:109A8000F6D9D7E6FDF770FF801B0228D7D9D1E6BB
:109A9000FDF76AFF04462B689B017FF59DAEFDF73D
:109AA00063FF001B0228F6D9C4E6012B3FF4ABAEDE
:109AB0006B68E26903F4800191427FF4A4AE216AED
:109AC00003F03F028A427FF49EAE616A47F6C0729D
:109AD0001A40B2EB811F7FF496AEA26A520803F4DB
:109AE0004031013AB1EB024F7FF48DAEE26A03F0F0
:109AF0007063B3EB026F14BF012000209BE600BF30
:109B00000038024000004742134908B58B6803F053
:109B10000C03042B1CD0082B1CD14A684B684968E5
:109B200013F4800314BF0D480D48C1F3881118BF0A
:109B3000002302F03F02A1FB0001F7F7CBF9064B2F
:109B40005B68C3F3014301335B00B0FBF3F008BD76
:109B50000248FCE70248FAE70038024000127A00A7
:109B60000024F4002DE9F0410D46044610B901200F
:109B7000BDE8F081434B1A6802F007028A4228D3FD
:109B800021688F072DD4C80740D43E4B1A6802F0D5
:109B90000702AA4265D8226851076BD4130707D57C
:109BA000394A2169936823F4604343EAC10393600F
:109BB000FFF7AAFF344B354A9B68C3F30313D35C0A
:109BC000D840334B1860334B1868FDF783FE0020F4
:109BD000CEE7CAB21A701B6803F007038B42C6D1E6
:109BE000CEE7294B11F0040F1EBF9A6842F4E052F1
:109BF0009A600E0742BF9A6842F460429A609A687F
:109C0000A06822F0F00202439A60BCE762681E4B33
:109C1000012A1CD11B6813F4003FA8D01A4EB36868
:109C200023F003031343B360FDF79EFE41F288382F
:109C30000746B368626803F00C03B3EB820FA4D04D
:109C4000FDF792FEC01B4045F3D9032090E7911E1B
:109C500001291B6802D813F0007FDEE713F0020F22
:109C6000DBE7EAB21A701B6803F00703AB427FF42C
:109C70007EAF90E70449E0688B6823F4E053034328
:109C80008B608BE7003C024000380240B43A010888
:109C90009C00002044000020044B054A9B68C3F34D
:109CA0008223D35C034A1068D840704700380240D2
:109CB000AC3A01089C000020044B054A9B68C3F3A2
:109CC0004233D35C034A1068D840704700380240E2
:109CD000AC3A01089C0000200F2303600B4B9A68EC
:109CE00002F0030242609A6802F0F00282609A6811
:109CF00002F4E052C2609B68DB0803F4E0530361A6
:109D0000034B1B6803F007030B60704700380240E9
:109D1000003C0240704710B50446002855D0436A05
:109D2000002B4ED14268B2F5827F00D0C361002380
:109D3000A36294F8513003F0FF0223B984F8502055
:109D40002046FFF7E7FF2168A068A269022384F894
:109D500051300B6823F040030B60636800F404404B
:109D600003F482730343E06800F400600343206956
:109D700000F002000343606900F00100034302F4B5
:109D800000700343E06900F038000343206A00F0EC
:109D900080000343A06A00F4005003430B60636A31
:109DA000120C03F0100302F004021A434A60CB695C
:109DB00023F40063CB6100200123606584F85130F7
:109DC00010BD0023C0E90433B1E70120F8E700002B
:109DD000036A026A22F0010270B502624468826975
:109DE0000D6822F073022A438D6823F002032B438F
:109DF0000C4DA84203D005F58065A8420BD1CD6873
:109E000023F008032B43D1E9055624F4407435436D
:109E100023F004032C43446082614A684263036276
:109E200070BD00BF00000140036A026A22F4807224
:109E300070B502624468C2690D6822F073022A4359
:109E40008D6823F4007343EA05230D4DA84203D027
:109E500005F58065A8420DD1CD6823F4006343EA7F
:109E60000523D1E9055624F44054354323F4806397
:109E700044EA05144460C2614A68C263036270BD6B
:109E800000000140036A026A22F4805230B5026287
:109E90004468C2690D6822F4E64242EA05228D68F0
:109EA00023F4005343EA0533084DA84203D005F5D7
:109EB0008065A84204D14D6924F4804444EA8514A5
:109EC0004460C2614A680264036230BD0000014020
:109ED00090F83D30012B2CD10223174A80F83D30F9
:109EE000036893421AD0B3F1804F17D0A2F57C4299
:109EF000934213D002F5806293420FD002F5806244
:109F000093420BD002F57842934207D002F570528B
:109F1000934203D0A2F59432934204D19A6802F09E
:109F20000702062A03D01A6842F001021A600020D4
:109F300070470120704700BF0000014090F83C20AE
:109F4000012A03464FF0020009D01A6883F83D0049
:109F500051610020012283F83D2083F83C007047C6
:109F600070477047036870B5DD681E69B107044625
:109F70000DD5AA070BD56FF002021A6101220277F4
:109F80009B699B0769D001F01DFC002323777107B3
:109F900010D56A070ED523686FF004021A610222F9
:109FA00022779B6913F4407F20465CD001F00AFCC5
:109FB0000023237733070FD528070DD523686FF0CB
:109FC00008021A6104222277DB699907204650D0E3
:109FD00001F0F8FB00232377F20610D5EB060ED52F
:109FE00023686FF010021A6108222277DB6913F4EC
:109FF000407F204643D001F0E5FB00232377F007A4
:10A0000008D5E90706D523686FF001021A612046DA
:10A0100001F0B5FB320608D52B0606D523686FF094
:10A0200080021A61204600F06CFB700608D56906B4
:10A0300006D523686FF040021A612046FFF791FFB2
:10A04000B20622D5AB0620D523686FF02002204649
:10A050001A61BDE8704000F053BB01F0B1FB20462F
:10A06000FFF77EFF91E701F0ABFB2046FFF778FF9B
:10A070009EE701F0A5FB2046FFF772FFAAE701F07B
:10A080009FFB2046FFF76CFFB7E770BD274A0368C8
:10A09000904212D0B0F1804F0FD0A2F57C42904296
:10A0A0000BD002F58062904207D002F580629042A8
:10A0B00003D002F57842904208D14A6823F0700339
:10A0C0001343CA6823F44073134316E0184A9042BE
:10A0D000F7D002F580629042F3D002F580629042A0
:10A0E000EFD0A2F598329042EBD002F58062904218
:10A0F000E7D002F580629042E3D04A6923F0800302
:10A1000013438A68C2620A688262084A904203D096
:10A1100002F58062904201D10A690263026842F04E
:10A1200004020260012242610360704700000140A6
:10A130000040014010B5044630B390F83D3003F0C4
:10A14000FF021BB980F83C2002F0E4FA02232068E9
:10A1500084F83D30211DFFF799FF012384F8463034
:10A16000002084F83E3084F83F3084F8403084F892
:10A17000413084F8423084F8433084F8443084F825
:10A18000453084F83D3010BD0120FCE7036A026AC7
:10A1900022F0100270B50262446882690D6822F4F0
:10A1A000E64242EA05228D6823F0200343EA0513C4
:10A1B0000D4DA84203D005F58065A8420DD1CD68AC
:10A1C00023F0800343EA0513D1E9055624F44064E3
:10A1D000354323F0400344EA8504446082614A68C1
:10A1E0008263036270BD00BF0000014010B590F8AB
:10A1F0003C30012B04461DD0082A17D007D862B185
:10A20000042A0FD00120002384F83C3010BD0C2A12
:10A21000F8D10068FFF736FE02E00068FFF7D8FDCE
:10A220000020F0E70068FFF7B1FFF9E70068FFF7EB
:10A23000FBFDF5E70220E9E738B590F83C30012B4B
:10A2400004464FD00120082A84F83C003AD006D8B2
:10A25000BAB1042A26D0002384F83C3038BD0C2A39
:10A26000F9D12068FFF70EFEC3690A6943F4006361
:10A27000C361C36923F48063C361C36943EA0223F2
:10A280002EE02068FFF7A4FD83690A6943F0080304
:10A290008361836923F004038361836913438361CA
:10A2A0000020D8E72068FFF771FF83690A6943F44B
:10A2B00000638361836923F480638361836943EA74
:10A2C0000223ECE72068FFF7AFFDC3690A6943F09A
:10A2D0000803C361C36923F00403C361C369134363
:10A2E000C361DDE70220B9E770B5056A046A194E5B
:10A2F00024F001040462B042846926D0B0F1804F9A
:10A3000023D0A6F57C46B0421FD006F58066B04249
:10A310001BD006F58066B04217D006F57846B042ED
:10A3200013D006F57056B0420FD0A6F59436B04261
:10A330000BD044F0010263F3071201F00A0125F08B
:10A340000A0319438261016270BD24F003042243B1
:10A35000F1E700BF00000140F8B590F83C30012B58
:10A3600005460C4600F082800120082A85F83C0052
:10A370005CD006D842B3042A36D0002385F83C309E
:10A38000F8BD0C2AF9D12B68CE68186AD1E90027EC
:10A39000196A21F480511962D969120321F44071BC
:10A3A00041EA072120F4204002F4204266F30F31F5
:10A3B0000243D9611A62DA69A16822F44062DA6163
:10A3C000DA6942EA01224FE02868CB68D1E900123D
:10A3D000FFF78AFF8369A26823F00C038361836916
:10A3E000134383610020C8E72B68CE68186AD1E95F
:10A3F0000027196A21F0100119629969120121F4EC
:10A40000407141EA072120F0A00002F0A00266F3AB
:10A410000F31024399611A629A69A16822F440627D
:10A420009A619A6942EA01229A61DBE72B68E76840
:10A43000186A1E6A26F48076D1E900211E62DE6960
:10A44000120226F00306314320F4206002F4206259
:10A4500067F307110243D9611A62DA69A16822F031
:10A460000C02DA61DA690A43DA61BBE7022087E7A6
:10A47000036A10B501F01F0101248C4023EA040394
:10A480000362036A8A401A43026210BD08B529B903
:10A4900090F83E30012B1FD0012035E0042907D170
:10A4A00090F83F30012BF7D1022380F83F3016E0BF
:10A4B00008290CBF90F8403090F84130013B18BF9C
:10A4C0000123002BE8D108294FF002030CBF80F8CC
:10A4D000403080F8413002E0022380F83E300068CE
:10A4E0000122FFF7C5FF164B984203D003F58063A6
:10A4F00098420AD1436C43F400434364836803F0F9
:10A500000703062B17D1002008BDB0F1804FF5D00E
:10A510000C4B9842F2D003F580639842EED003F5DD
:10A5200080639842EAD003F59A339842E6D0A3F5C7
:10A5300094339842E2D0036843F001030360E2E7FA
:10A540000000014000040040FFF7A0BF08B503462B
:10A55000002939D190F83E0093F84220C0B201287A
:10A56000D2B25ED1012A2ED10222002942D183F833
:10A570003E2083F8422018680122FFF779FF2A4B1A
:10A5800098421AD0B0F1804F17D0A3F57C4398427F
:10A5900013D003F5806398420FD003F5806398428F
:10A5A0000BD003F57843984207D003F570539842D7
:10A5B00003D0A3F5943398422ED1836803F00703A8
:10A5C000062B29D1002008BD042905D190F83F00B1
:10A5D00093F84320C0B2C2E708290BBF90F84000AF
:10A5E00093F8410093F8442093F845200CBFC0B283
:10A5F000C0B2B4E7042904D183F83F2083F8432094
:10A60000B9E708290BBF83F8402083F8412083F87D
:10A61000442083F84520AEE7036843F0010303605C
:10A62000D0E70120CFE700BF00000140036A10B56A
:10A6300001F00F0104248C4023EA04030362036A3F
:10A640008A401A43026210BD08B529B990F8423019
:10A65000012B1DD001204EE0042907D190F8433092
:10A66000012BF7D1022380F8433014E0082907D1E9
:10A6700090F84430012BEDD1022380F844300AE0F9
:10A6800090F84530012BE5D1022380F8453002E0F7
:10A69000022380F8423000680422FFF7C7FF436CB2
:10A6A00043F400434364144B98421AD0B0F1804FF6
:10A6B00017D0A3F57C43984213D003F580639842EA
:10A6C0000FD003F5806398420BD003F5784398428E
:10A6D00007D003F57053984203D0A3F59433984202
:10A6E00004D1836803F00703062B03D0036843F00B
:10A6F00001030360002008BD00000140FFF7A4BF74
:10A7000070477047026802F10C0353E8003F23F4DE
:10A7100090730C3242E8003102680029F2D102F154
:10A72000140353E8003F23F0010302F1140C4CE83A
:10A7300000310029F3D1036B012B0BD102F10C0383
:10A7400053E8003F23F0100302F10C0C4CE80031F9
:10A750000029F3D1202380F842300023036370479F
:10A760000268C16838B5136923F440530B43136181
:10A77000054683680069D168034368690343E86953
:10A7800021F4164121F00C0103430B43D3605369BC
:10A79000A96923F440730B4353611F4B9A4203D0C2
:10A7A00003F580639A4224D1FFF786FAEA691921FA
:10A7B000B2F5004FD5E90043A0FB01011CD1DA1826
:10A7C0004FF0000545EB0503F6F784FB6422B0FB70
:10A7D000F2F102FB1103DB003233B3FBF2F303F0BF
:10A7E00007025B0002EB011203F4F8731344A36049
:10A7F00038BDFFF751FAD9E79A009B0FF6F76AFBCD
:10A800006422B0FBF2F102FB11031B013233B3FBF4
:10A81000F2F303EB0113EAE700100140F7B5054638
:10A820000C4617461E462A68136834EA030301D112
:10A83000002021E0701CF7D0FDF796F8C01B86427F
:10A840001CD3DEB12B68DA685107ECD5802CEAD036
:10A85000402CE8D01A681207E5D5002401941A6844
:10A8600001925B6801932846019BFFF74BFF082389
:10A870006B6485F84040012003B0F0BD0320FBE786
:10A88000704710B5044648B390F8413003F0FF021A
:10A890001BB980F84020FFF7F3FF2268242384F8D7
:10A8A0004130D36823F40053D3602046FFF758FFAC
:10A8B00023681A6922F490421A615A6922F02A0226
:10A8C0005A61DA6842F40052DA60002020236064A2
:10A8D00084F8413084F84230606310BD0120FCE709
:10A8E00010B5044668B390F8413003F0FF021BB97D
:10A8F00080F84020FFF7C4FF2268242384F8413009
:10A90000D36823F40053D3602046FFF729FF236860
:10A910001A6922F490421A615A6922F022025A619D
:10A920005A6942F008025A61DA6842F40052DA6069
:10A9300000202023606484F8413084F84230606352
:10A9400010BD0120FCE7704710B50446A0B10268B5
:10A95000242380F84130D36823F40053D360FFF7F9
:10A96000F2FF0020606484F8400084F8410084F81D
:10A9700042002063606310BD0120FCE72DE9F8432D
:10A98000984690F84130202B04460E4617463FD19A
:10A9900000293FD0002A3DD021230025456480F8BE
:10A9A0004130FCF7E1FFA368A784B3F5805F8146DF
:10A9B000E78403D123690BB935461E46E38C9BB26D
:10A9C00053B943464A4640212046FFF727FF20233C
:10A9D00050B984F841300AE043464A468021204677
:10A9E000FFF71CFF28B1202384F841300320BDE885
:10A9F000F88322684EB935F8023BC3F3080353606D
:10AA0000E18C013989B2E184D8E716F8013BF6E719
:10AA10000220ECE70120EAE790F84130202B10D12A
:10AA200089B182B1C284016282840168002321223B
:10AA3000436480F84120CA6842F08002CA60184628
:10AA40007047022070470120704708B5806B0023D3
:10AA5000C38502F0B5F908BD704790F84230222B4B
:10AA600007B542D181680268836AB1F5805F3FD142
:10AA7000016900293FD15268C2F3080223F8022B72
:10AA80008362C38D013B9BB2C385002B2DD102682D
:10AA9000D16821F02001D160D16821F48071D160AA
:10AAA000516921F001015161202280F84220436365
:10AAB000026B012A026828D1036302F10C0353E8F8
:10AAC000003F23F0100302F10C0C4CE80031002988
:10AAD000F3D11368DB0605D5019113680193536820
:10AAE0000193019B818DFFF7B7FF03B05DF804FB75
:10AAF00039B9016929B95268D2B21A70836A01332F
:10AB0000BEE7526802F07F02F7E702F053F9ECE784
:10AB100003681A6873B51607D9685D69044608D1D9
:10AB2000960668D58D0666D502B0BDE87040FFF781
:10AB300094BF05F0010001F4907505435BD0D60782
:10AB400005D5CD0542BF636C43F001036364530731
:10AB500004D518B1636C43F002036364960704D50F
:10AB600018B1636C43F004036364150707D501F063
:10AB7000200303431EBF636C43F008036364636CEC
:10AB8000002B32D0920604D58B0602D52046FFF763
:10AB900064FF26687369626C03F0400302F00802E8
:10ABA00053EA0205204622D0FFF7ACFD73695E062A
:10ABB00018D5226802F1140353E8003F23F0400344
:10ABC000143242E800310029F3D1E06B50B1774BE9
:10ABD0000365FDF78AFA40B1E06B036D02B0BDE892
:10ABE00070401847204602F0EBF802B070BD02F04A
:10ABF000E7F86564F9E7206B012840F09B80D506F3
:10AC000040F19880C80640F19580002201921A68B0
:10AC100001925A680192019A5A69A18D520656D53D
:10AC2000E06B0268526892B2002A47D0914245D93F
:10AC3000E285C269B2F5807F36D003F10C0252E89A
:10AC4000002F22F4807203F10C0040E8002100295B
:10AC5000F3D103F1140252E8002F22F0010203F1B4
:10AC6000140040E800210029F3D103F1140252E856
:10AC7000002F22F0400203F1140040E800210029D7
:10AC8000F3D1202284F84220216303F10C0252E820
:10AC9000002F22F0100203F10C0040E800210029EF
:10ACA000F3D1E06BFDF7E3F902236363E38DA18D3C
:10ACB000C91A89B22046FFF7CFFE96E7914294D198
:10ACC000C369B3F5807F90D102236363F2E7E28D1D
:10ACD000E08D80B292B2002887D0891A89B200290B
:10ACE00083D003F10C0252E8002F22F4907203F19A
:10ACF0000C0545E800200028F3D103F1140252E8C6
:10AD0000002F22F0010203F1140545E8002000287D
:10AD1000F3D1202284F84220206303F10C0252E890
:10AD2000002F22F0100203F10C0545E80020002856
:10AD3000F3D1C9E7160628D50D0626D594F841208B
:10AD4000212A7FF452AFA168226AB1F5805F17D142
:10AD50002169A9B932F8021BC1F3080159602262C6
:10AD6000E28C013A92B2E284002A7FF43EAFDA68C4
:10AD700022F08002DA60DA6842F04002DA6034E7FA
:10AD8000511C216212785A60EAE750067FF52DAF18
:10AD90004A067FF52AAFDA6822F04002DA60202303
:10ADA00084F84130204602F008F81EE74BAA00085C
:10ADB00090F84030012B11D00268242380F84130F4
:10ADC000D36823F00C0343F00803D360202380F8FA
:10ADD0004130002380F84030184670470220704709
:10ADE00090F84030012B11D00268242380F84130C4
:10ADF000D36823F00C0343F00403D360202380F8CE
:10AE00004130002380F840301846704702207047D8
:10AE100090F8412090F8420010437047C28500230B
:10AE2000828502694364222380F84230816203688C
:10AE30001AB1DA6842F48072DA605A6942F00102AB
:10AE40005A61DA6842F02002DA600020704770B57B
:10AE500090F84260202E07D141B13AB1002404633A
:10AE6000FFF7DCFF204670BD0220FCE70120FAE777
:10AE7000836810B504462BB103220146984700238E
:10AE8000C4E9023310BD4B1E032B00D9FEE7890035
:10AE9000081F70470139435C13F0100004D00229E9
:10AEA00016D80C4A32F81100DB0712D503290FD847
:10AEB000DFE801F00205080B40F00100704740F0A8
:10AEC0001000704740F48070704740F48050704725
:10AED000FEE77047643A01080139032900D9FEE70B
:10AEE000014B585C704700BF603A010801390329E3
:10AEF00000D9FEE7014B585C704700BF5C3A01087F
:10AF00002DE9F04104460E46FFF7BDFF06F10608A5
:10AF100004EB0818054631462046FFF7DDFFD8F858
:10AF200008302BB12369C2431A61DA680243DA6040
:10AF3000771E04EB47039B880B2B49D8DFE803F00F
:10AF400051181818060618184A4A4A2AE35DDE0600
:10AF500004D5294604F11000FFF7D0FBE35DD807C4
:10AF600036D5294604F11000BDE8F041FFF7ECBAF0
:10AF7000E35DD90604D5294604F11000FFF764FB10
:10AF8000E35DDA0724D5294604F11000BDE8F0415D
:10AF9000FFF77CBA294604F11000FFF7D7FA3146D3
:10AFA0002046FFF7A3FF2569014606462046FFF726
:10AFB00071FF2B6A1843D8F80830286243B1314634
:10AFC0002046FFF789FFC3432B61EB681843E86015
:10AFD000BDE8F081294604F11000BDE8F041FFF71B
:10AFE000B5BA23691B68DB07F2D404F11000BDE891
:10AFF000F041FEF76DBF70B501250446861C294659
:10B0000036F8023F23B129462046FFF779FF002199
:10B010000135052DF4D1A36E3BB123696FF0010218
:10B020001A61DA6842F00102DA6049B123691B68EB
:10B03000DB0705D404F11000BDE87040FEF748BFFF
:10B0400070BD00002DE9F0438DB004461F460E464A
:10B05000FFF719FF4FF6FF730593904623690546E6
:10B06000C8B95B6B069300210123CDE902319DF83D
:10B0700050300791CDE9091108910B91019104938A
:10B08000B8F10B0F1DD8DFE808F00F153E41434C17
:10B090004E5054525B5D042801D19B6BE2E70828B7
:10B0A0000CBFDB6B1B6CDDE705912A4605A904F19B
:10B0B000100004E0102305932A4605A9E018FFF7C5
:10B0C00095F8013E04EB4603A3F80480B8F1000FA5
:10B0D00016D07B1C14D0384601F092FBA8425BD1FD
:10B0E0002E49384601F056F82C49384601F08CF8C4
:10B0F000A35D10F4801F0CBF012210221343A3553F
:10B100000DB0BDE8F08320230593CEE73023FBE7A5
:10B1100060232A4605A904F110000593FFF78CF877
:10B12000CFE77023F5E75023EEE74023ECE7022357
:10B1300001932A4601A904F11000FFF70DF9C0E7B9
:10B140000A23F5E71549384601F05EF810F480103F
:10B1500000D0FEE704F11009012301902A4601A95D
:10B1600048460293FFF7F8F831462046FFF7BEFE47
:10B17000431E0146E25C42F00102E25404EB430349
:10B180000B229A8020460223CDE90133FFF77BFE94
:10B1900001A902464846D0E7FEE700BFC43D0108CA
:10B1A00070B4DCB24A2C9DF80C5009D80E4E56F8FB
:10B1B000244003F4E0632343039570BCFFF742BFD0
:10B1C00003F0C006C02E0CD1CF2C0AD8074C03F0D8
:10B1D0003F0603F4E06354F82660034C54F826401D
:10B1E000E9E74FF0FF33E7E7C84301088843010868
:10B1F000013903299ABF00EB410080880020704785
:10B2000001211030FEF79ABE0369186800F00100B2
:10B21000704710B502460C46FFF7F6FF80B9CB68C1
:10B22000DB070ED5CB6823F00103CB601046FFF798
:10B23000E7FF6FF001032361E36843F00103E3607C
:10B2400010BDBDE810401046FFF7DABF294A904212
:10B25000034633D0B0F1804F32D0A2F57C42904209
:10B2600030D002F5806290422ED002F5806290428A
:10B270002CD002F5806290422AD002F58062904282
:10B2800028D002F57042904226D04FF6FF701A4A3D
:10B29000934223D0194A934222D0194A934221D093
:10B2A000184A934220D0184A93421FD0174A93421B
:10B2B0001ED04FF6FF7398421BD1FEE70020E6E751
:10B2C0000120E7E70220E8E70320E9E70420EAE7B6
:10B2D0000520EBE70620ECE70720704708207047C1
:10B2E000092070470A2070470B2070470C207047D8
:10B2F0000D20704700000140004001400044014023
:10B300000048014000180040001C004000200040A0
:10B31000014670B5044651F8100FFFF797FF054638
:10B32000084601F0A3F8094A002342F8253004F149
:10B330006006E36004F1B005B54204D0103D284634
:10B34000F6F724FAF8E7204670BD00BF54770020D6
:10B35000F8B504460846FFF779FF236903B1FEE715
:10B360001B4DA36404F10C0245F8202004F11006E3
:10B370000E22C4E90C33C4E90E33C4E91033C4E926
:10B380001623216184F82C3084F84C3084F84D3039
:10B39000E460304600F072FF04F1600504F1B0078C
:10B3A00028461035FFF764FDBD42F9D10023C4E9FA
:10B3B00000334FF6FF72C4E90632C4E90833A360D4
:10B3C00063618023A3623046BDE8F840FEF7B2BE59
:10B3D0005477002010B586B014220446002101A83D
:10B3E00003F03AFE0023694601A80093FEF774FCBF
:10B3F000206901F0B7F9012802D002280FD0FEE73A
:10B40000049CFEF749FCB4F5C05F05D00BD824F4CA
:10B410008064B4F5805F00D1400006B010BD059C8B
:10B42000FEF74AFCEFE7B4F5E05FF4E7012A38B530
:10B4300005460C460BD0022A16D004B1013C2969FE
:10B440002846CC62EC61BDE83840FFF7E2BEFFF76A
:10B45000C1FF084BB0FBF3F044432A69230C93620D
:10B460000133B4FBF3F4E8E7FFF7B4FFB0FBF4F407
:10B47000F3E700BF40420F00F8B5054614461A46F0
:10B48000FFF701FD2B699E6A822A074606F1010635
:10B4900029D01FD8102A11D852BB2969CB6A4FF680
:10B4A000FF72934203D1B4F5803F08BF1C4637BBFF
:10B4B0004C632846BDE8F840FFF7ABBE812AECD1CB
:10B4C0002846FFF787FF124BB0FBF3F06043B0FB59
:10B4D000F6F4E2E7832AE0D1DB6A03FB0443642449
:10B4E000B3FBF4F4D9E72846FFF774FF6643EEE7B1
:10B4F000DB6A03FB044301249440013CF0E7042F82
:10B5000001D18C63D5E7082F0CBFCC630C64D0E766
:10B5100040420F0010B5074C206810B10430FEF710
:10B5200021FD606A20B1BDE810400430FEF71ABD6D
:10B5300010BD00BF54770020034B186810B10430D1
:10B54000FEF710BD704700BF54770020034B5868CA
:10B5500010B10430FEF706BD704700BF54770020DD
:10B56000034B986810B10430FEF7FCBC704700BF75
:10B5700054770020034BD86810B10430FEF7F2BCBA
:10B58000704700BF54770020034B186910B1043096
:10B59000FEF7E8BC704700BF54770020034B5869A2
:10B5A00010B10430FEF7DEBC704700BF54770020B6
:10B5B000034B986910B10430FEF7D4BC704700BF4C
:10B5C0005477002010B5074CE06910B10430FEF745
:10B5D000C9FC206B20B1BDE810400430FEF7C2BCAE
:10B5E00010BD00BF54770020034BD86910B1043060
:10B5F000FEF7B8BC704700BF54770020034B186AB1
:10B6000010B10430FEF7AEBC704700BF5477002085
:10B61000034B986A10B10430FEF7A4BC704700BF1A
:10B6200054770020034BD86A10B10430FEF79ABC5F
:10B63000704700BF54770020034B586B10B10430A3
:10B64000FEF790BC704700BF547700200022C0E98D
:10B650000022C0E902227047F8B504460E4600F108
:10B66000600500F1B00728461035FFF7EFFFBD4237
:10B67000F9D10023204623613146FFF769FE2046B9
:10B68000F8BD38B50023C0E90033C0E902338B6848
:10B6900004460D462BB102229847EB68E360AB6885
:10B6A000A360204638BD30B587B002AD04462846B9
:10B6B000FFF7E7FF95E80300CDE9000194E80300F8
:10B6C00085E80300DDE90001049BA268A360059BF7
:10B6D000049284E80300E268E36028460592F6F7E6
:10B6E00055F807B030BDF8B50C460746FFF7F4FB38
:10B6F000631E042B1546064600D9FEE7063407EB09
:10B700000410114683681BB1BDE8F840FFF7CBBFBA
:10B71000FFF7C9FFAB682BB13B69F2431A61DA68E6
:10B720003243DA60F8BD38B5836E04460D466030AA
:10B730001BB1BDE83840FFF7B6BFFFF7B4FFAB68F9
:10B740003BB123696FF001021A61DA6842F001022D
:10B75000DA6038BD826810B50AB906F043FDBDE86D
:10B760001040C368184708B500B9FEE700F084FD33
:10B770000068836E13B16030FFF7ECFF08BDFFF780
:10B78000F2BF10B500B9FEE7037F013B072B10D8CD
:10B79000DFE803F004140F100F0F0F12012400F064
:10B7A0006BFD0068063400EB041083680BB1FFF7F3
:10B7B000D1FF10BD0324F2E70424F0E70224EEE7F2
:10B7C000FFF7DFBFFFF7DDBF02F082BB02F080BBF7
:10B7D00002F086BB0A490346086810B50344EFF33C
:10B7E0000882934205D9074B0C221A604FF0FF30B4
:10B7F00010BD054A054C121B9342F4D20B60F7E7CB
:10B8000068000020647B002000000220000400008B
:10B810004FF0FF3070474FF400534B6000207047EB
:10B82000012070470020704700207047FEE70000AD
:10B83000024B16221A604FF0FF307047647B0020E5
:10B84000012070478AB0002308287CD8DFE800F088
:10B850000513202D3A4754616E0001933B4B3C4841
:10B860001A6B42F001021A631B6B03F00103019390
:10B87000019B0AB070470293344B36481A6B42F072
:10B8800002021A631B6B03F002030293029BF0E7B0
:10B8900003932E4B30481A6B42F004021A631B6B61
:10B8A00003F004030393039BE3E70493274B2B4824
:10B8B0001A6B42F008021A631B6B03F0080304932F
:10B8C000049BD6E70593214B25481A6B42F01002E2
:10B8D0001A631B6B03F010030593059BC9E70693DE
:10B8E0001A4B20481A6B42F020021A631B6B03F0BC
:10B8F00020030693069BBCE70793144B1A481A6B68
:10B9000042F040021A631B6B03F040030793079B4E
:10B91000AFE708930D4B15481A6B42F080021A638B
:10B920001B6B03F080030893089BA2E70993074B66
:10B930000F481A6B42F480721A631B6B03F4807316
:10B940000993099B95E7002093E700BF0038024068
:10B95000000002400004024000080240000C0240C7
:10B96000001002400014024000180240001C024077
:10B970000020024008B5044900F046FCC0F3C43082
:10B98000122800D9FEE708BD9C410108A0F58053AC
:10B99000013B022B00D9FEE76FF47F631844704728
:10B9A00008B5074900F030FCC0F3C430012802D0CC
:10B9B000022802D0FEE7002008BD1020FCE700BFEF
:10B9C0007841010802680B4B9A4282B00BD10023E8
:10B9D0000193094B1A6C42F000521A641B6C03F07D
:10B9E00000530193019B054B0549186802B000F014
:10B9F000D1BB00BF0074004000380240900000201E
:10BA000078410108F0B589B005460E461746002179
:10BA1000142203A803F020FB002315492846CDE992
:10BA2000013300F0CFFB039000B32846FFF7B8FFC7
:10BA3000012F04460BD033460022214603A8FCF711
:10BA4000D9FA98B9214603A8FCF793FA0EE0094BFE
:10BA500003A81D60FCF76CFA40B9CDE9010022464D
:10BA600001A903A8FCF7DBFA0028E4D009B0F0BD77
:10BA700078410108900000200268094B9A420DD1DC
:10BA800003F5E2331A6A42F000521A621A6A22F08F
:10BA900000521A621A6C22F000521A64704700BFFA
:10BAA0000074004010B5094986B0044600F08AFBD6
:10BAB000019048B12046FFF773FF014601A8FCF74B
:10BAC00088FA01A8FCF747FA06B010BD78410108D2
:10BAD00003681D4A934284B013D1002301931B4B8A
:10BAE0005A6C42F480725A645B6C03F48073019365
:10BAF000019B174B1868C30423D4164904B000F007
:10BB000049BB154A93420CD1002302930F4B5A6C48
:10BB100042F400725A645B6C03F400730293029B5C
:10BB2000E7E70E4A9342E4D100230393074B5A6C94
:10BB300042F480625A645B6C03F480630393039B5A
:10BB4000D7E704B0704700BF002001400038024032
:10BB5000900000209C41010800210140002201408A
:10BB6000114B12495A6A42F480725A625A6A22F49C
:10BB700080725A6202688A4204D15A6C22F480723E
:10BB80005A6470470A498A4207D15A6C22F40072FB
:10BB90005A645A6C22F40072F2E706498A42F0D1E4
:10BBA0005A6C22F48062EBE700380240002001402A
:10BBB0000021014000220140F0B599B0044648221E
:10BBC0000E4606A8002103F047FA1022002102A821
:10BBD00003F042FA0023E204ADF80230019361D58C
:10BBE00041F203039C425DD83A4B06932046FFF78F
:10BBF000CDFE07270546082E65D00A2E66D0062EF4
:10BC00000CBF4FF0407300234FF48032CDE907237F
:10BC1000314A0023CDE90933CDE910238DF83030C6
:10BC20008DF838300F938DF84830169314938DF8B3
:10BC300054302A4B012606A80B960D961C60FBF784
:10BC400099FE00283AD1CDE9047002A906A8CDE9F1
:10BC50000256FCF73FF8002830D106A8FBF74AFF50
:10BC600060BB0A2106A8FBF7DEFF38BB06A8FCF77D
:10BC7000C1F8830505D506A8FCF728F880B2ADF811
:10BC8000020006A8FBF7B4FFC0B906A8FBF718FF2F
:10BC9000A0B9134A536823F440035360BDF802006F
:10BCA00080B20CE00F49204600F08CFA01A9069002
:10BCB0002046FFF75FFE069B054613B9002019B02A
:10BCC000F0BD012797E74FF000739DE74FF08073B9
:10BCD0009AE700BF002001400100000F9000002003
:10BCE000002301409C4101082DE9F3478A4624497D
:10BCF000244F99469046064600F064FAFFF7A6FAEC
:10BD000057F82030054673B9B020FFF75DFD1C4998
:10BD10000446304600F056FA01462046FFF79CFCE8
:10BD200057F825301C6016491C68304600F06CFA44
:10BD3000C0F3C43529462046FFF75AFA04280746BF
:10BD400007D0002300930422334629462046FFF7FC
:10BD500079F9022251462046FFF768FB4B464246DE
:10BD600029462046FFF788FB042F05D0204602B065
:10BD7000BDE8F047FFF73FB902B0BDE8F08700BF6C
:10BD8000C43D010854770020F8B51349134F064607
:10BD900000F018FAFFF75AFA57F82030054673B941
:10BDA000B020FFF711FD0C490446304600F00AFAB6
:10BDB00001462046FFF750FC57F825301C601C68F0
:10BDC00044B12046FFF7A4FA2046B021BDE8F84070
:10BDD000FFF7FEBCF8BD00BFC43D0108547700204A
:10BDE000FBF7C2BD704708B5FBF7B2FDFCF78BF857
:10BDF000FFF7F8FF08BD704784B0114B0022019295
:10BE0000196C41F080511964196C01F08051019155
:10BE100001990292596C41F480415964596C01F4C2
:10BE200080410291029903921A6B42F480521A6384
:10BE30001B6B03F480530393039B04B0704700BF54
:10BE4000003802400C4BD3F8FC20D2015EBFD3F87F
:10BE5000FC2042F08072C3F8FC20084B00225A609C
:10BE60001A6842F001021A6000BF00BF00BF5868A4
:10BE7000B0FA80F04009704700ED00E0001000E0EB
:10BE800008B5FFF7B9FFFFF7DDFFFBF747FDFFF749
:10BE9000B2FF01F01FF8BDE808400148FCF738B8D0
:10BEA000940000200023C0E90033C0E9023370474A
:10BEB0000023012803F101020AD11422DBB253430B
:10BEC000054A181D1044816829B11A44136918479E
:10BED00040081346EDE770478C7700200120FCF7FF
:10BEE000C3BA0220FCF7C0BA0420FCF7BDBA082090
:10BEF000FCF7BABA1020FCF7B7BA08B52020FCF757
:10BF0000B3FA4020FCF7B0FA8020FCF7ADFA4FF40A
:10BF10008070FCF7A9FABDE808404FF40070FCF708
:10BF2000A3BA38B506244FF48065A8B2FCF79CFA92
:10BF3000013C4FEA4505F8D138BD0000344A1046AF
:10BF400008B5062300F8043BFFF7ACFF072302F116
:10BF500018001375FFF7A6FF082302F12C0082F8E2
:10BF60002830FFF79FFF092302F1400082F83C30A0
:10BF7000FFF798FF0A2302F1540082F8503017218E
:10BF8000FFF790FF02F1680082F86410FFF78AFF64
:10BF900002F17C0082F87810FFF784FF02F1900034
:10BFA00082F88C10FFF77EFF02F1A40082F8A01047
:10BFB000FFF778FF02F1B80082F8B4102821FFF7EC
:10BFC00071FF02F1CC0082F8C810FFF76BFF02F19D
:10BFD000E00082F8DC10FFF765FF02F1F40082F860
:10BFE000F010FFF75FFF02F5847082F80411FFF78D
:10BFF00059FF02F58E7082F81811FFF753FFBDE864
:10C00000084002F5987082F82C11FFF74BBF00BF73
:10C010008C77002038B5054CA4F5A075143C201D84
:10C02000F5F7B4FBAC42F9D138BD00BFCC780020A5
:10C0300030B591FAA1F391FAA1F1B3FA83F3C46890
:10C040005B000325B1FA81F105FA03F3490024EA04
:10C0500003038A401A43C26030BD431C04D00C3134
:10C0600051F80C3C5A1C01D100207047834201F169
:10C070000C01F5D101207047F8B5471C06460D4666
:10C0800000D1FEE700F00F02414BC0F3031053F85C
:10C090002240FFF7D7FB94FAA4F3B3FA83F387683F
:10C0A00003225B0002FA03F394FAA4F2B2FA82F2DA
:10C0B00027EA03075200032393403B4305F007019F
:10C0C0008360032903D8DFE801F05F612C03FEE7FA
:10C0D000032394FAA4F2B2FA82F20668520003270C
:10C0E00007FA02F226EA020694FAA4F2B2FA82F2FF
:10C0F00052009340013933430129036005D8436856
:10C100002A074CBF2343A3434360C5F30112012A0E
:10C1100002D0022A18BF00222146BDE8F840FFF7EE
:10C1200087BFC5F306227F2A01D10223D1E7360754
:10C1300016D5230A93FAA3F6B6FA86F6476A93FA57
:10C14000A3F3B6004FF00F0CB3FA83F30CFA06F624
:10C150009B0027EA060602FA03F333434362E4E74F
:10C1600094FAA4F3B3FA83F3066A9B000F2707FA45
:10C1700003F326EA030694FAA4F3B3FA83F39B00CD
:10C180009A4032430262D0E70023A2E70123A0E7EE
:10C190006C3A0108431C06D17047834202D189687A
:10C1A000FFF76ABF0C310B685A1CF6D1FEE70B682B
:10C1B0005A1C01D100207047834201D14868704762
:10C1C0000C31F4E7431C01D0FFF7F1BF00207047AA
:10C1D0004B6813B94FF0FF307047834201D10868B4
:10C1E00070470C31F4E708B1FFF7F2BF4FF0FF30B2
:10C1F000704703460868421C00D17047984201D13D
:10C20000886870470C31F5E7431C01D0FFF7F1BF98
:10C21000704703468B42084604D01BB100290CBF6F
:10C2200018460020704700001049D1F8883043F4C8
:10C230007003C1F888300E4B1A6842F001021A6090
:10C2400000229A601A6822F0847222F480321A6006
:10C25000084A5A601A6822F480221A604FF43F029A
:10C26000DA604FF000638B60704700BF00ED00E0C4
:10C2700000380240103000240438704703686D4ACB
:10C2800093428EB02AD1002200926B4A516C41F049
:10C2900001015164526C02F001020092009A674A57
:10C2A00093422AD100220592634A116C41F0100199
:10C2B0001164126C02F010020592059A604A9342D2
:10C2C0002AD100230A935C4B5A6C42F480225A64B0
:10C2D0005B6C03F480230A930A9BA9E0B3F1804FBF
:10C2E0002AD100220192544A116C41F001011164DB
:10C2F000126C02F001020192019A524A93422AD131
:10C30000002206924C4A116C41F020011164126C1B
:10C3100002F020020692069A4B4A93422AD1002349
:10C320000B93454B1A6C42F040021A641B6C03F0ED
:10C3300040030B930B9B7BE0444A93422AD100229B
:10C3400002923D4A116C41F002011164126C02F03C
:10C3500002020292029A3E4A93422AD10022079296
:10C36000354A516C41F002015164526C02F00202F4
:10C370000792079A374A93422AD100230C932E4BF7
:10C380001A6C42F080021A641B6C03F080030C9359
:10C390000C9B4DE0304A93422AD100220392264A58
:10C3A000116C41F004011164126C02F0040203925A
:10C3B000039A2A4A93422BD1002208921E4A516CBA
:10C3C00041F480315164526C02F480320892089A30
:10C3D000234A93422CD100230D93174B1A6C42F43D
:10C3E00080721A641B6C03F480730D930D9B1FE025
:10C3F0001C4A93427FF453AF002204920E4A116C00
:10C4000041F008011164126C02F008020492049ACF
:10C41000154A93427FF452AF00230993064B5A6C9E
:10C4200042F400325A645B6C03F400330993099BB5
:10C430000EB070470000014000380240001000407C
:10C440000048014000140040001800400004004073
:10C4500000040140001C0040000800400040014072
:10C4600000200040000C00400044014003683B4AAB
:10C47000934215D13A494A6C22F001024A64394A82
:10C48000934215D136490A6C22F010020A64364AEA
:10C49000934215D102F57042536C23F480235BE084
:10C4A000B3F1804F16D12E490A6C22F001020A64C2
:10C4B0002E4A934216D12A490A6C22F020020A64BD
:10C4C0002B4A934216D102F50832136C23F0400335
:10C4D00013647047274A934215D121490A6C22F010
:10C4E00002020A64244A934215D11D494A6C22F083
:10C4F00002024A64214A934215D102F50732136CB5
:10C5000023F08003E4E71E4A934215D114490A6CD4
:10C5100022F004020A641B4A934215D110494A6C66
:10C5200022F480324A64184A9342D2D102F506328C
:10C53000136C23F48073CBE7144A93429FD10849CC
:10C540000A6C22F008020A64114A93429FD102F554
:10C550007442536C23F4003353647047000001406D
:10C560000038024000100040004801400014004024
:10C57000001800400004004000040140001C00407E
:10C58000000800400040014000200040000C004036
:10C5900000440140431C3AD0294B98423AD018D865
:10C5A000A3F54063984237D00BD8A3F500639842B7
:10C5B00034D003F58063984232D0B0F1804F31D04F
:10C5C000FEE7204B98422FD003F5806398422DD090
:10C5D000F6E71D4B98422DD00CD8A3F56443984242
:10C5E00026D003F56043984226D0A3F564439842D1
:10C5F00020D0E5E7154B98421ED003F580639842A2
:10C600001CD0A3F500639842DAD1182070476FF070
:10C610000D0070472B207047322070471D20704757
:10C620001E2070471C207047362070473720704707
:10C630002D2070472C207047192070471A20704712
:10C640000018004000100040000401400044014078
:10C65000431C3AD02B4B98423AD01CD8A3F58053B8
:10C66000984237D00BD8A3F50063984234D003F535
:10C670008063984232D0B0F1804F31D0FEE7224B38
:10C6800098422FD003F5806398422DD0A3F5006324
:10C6900098422BD0F2E71D4B984229D00CD8A3F535
:10C6A0008043984226D003F58063984224D0A3F5B6
:10C6B0006443984222D0E1E7154B984220D003F51D
:10C6C00080639842DAD11A2070476FF00D007047EE
:10C6D0002C207047322070471D2070471E20704765
:10C6E0001C207047372070472B207047362070473A
:10C6F000182070471B2070472E2070472D20704750
:10C7000019207047001C0040001400400040014008
:10C710000044014038B5FFF7B1FD04460068FFF75B
:10C7200039FFD4E91212FBF779FB2068FFF732FFDB
:10C73000FBF7A6FB22681046FFF78AFF0546104666
:10C74000FFF728FF85420BD02846D4E91212FBF7E9
:10C7500065FB2068FFF77CFFBDE83840FBF790BB26
:10C7600038BD0000431C3AD01F4B984235D024D826
:10C77000A3F57043984234D00ED8A3F500639842D5
:10C780002FD005D820F48060B0F1804F29D0FEE78B
:10C79000164B984225D0FAE7154B984221D008D87D
:10C7A000A3F5006398421CD003F58063984218D02B
:10C7B000EDE7104B984214D0E9E70F4B98420CD0AC
:10C7C00008D8A3F58043984207D003F570539842E8
:10C7D00003D0DCE7094B9842D9D1022070470020F2
:10C7E00070470120704700BF00000140000C00406E
:10C7F000001C00400020004000440140004801406F
:10C8000008B50649FFF700FDC0F3C430431E032BF3
:10C8100000D9FEE78000043808BD00BFC43D010810
:10C820002DE9F04F8A4687B091469846044618B9DC
:10C83000002007B0BDE8F08F8E49406DFFF7C2FCC5
:10C840008D498346A06DFFF7BDFC8C490646E06D1F
:10C85000FFF7B8FC8A490546206EFFF7B3FC074690
:10C86000BBF1000FE4D0A36D013301D0002EDFD067
:10C87000E36D013301D0002DDAD0236E013301D0F6
:10C88000002FD5D031465846FFF7C3FC0346206041
:10C8900020B90146FFF7BDFC034620602946184633
:10C8A000FFF7B7FC39462060FFF7B3FC2060002893
:10C8B000BED0744B984251D1734A536A43F010036F
:10C8C0005362536A23F01003536200230093516CA8
:10C8D00041F010015164526C02F010020092009A73
:10C8E00025226449606D84F8653084F86420FFF780
:10C8F00051FC1EB16049A06DFFF74CFC2DB15F49A2
:10C90000E06DFFF747FC4FF480752FB15C49206E56
:10C9100045F40075FFF73EFC94F865205B4B94F9F5
:10C920006400C4F80C90271D43F822702368C4E902
:10C93000013A109B0022C4E904380C23C4E90635EF
:10C9400022620121FBF76AFA3846002E40F08E8001
:10C95000FDF7C6FFB0FA80F040096AE74C4B9842F9
:10C9600017D103F5FA331A6A42F400321A621A6ACE
:10C9700022F400321A62002201921A6C42F4003250
:10C980001A641B6C03F400330193019B26220123DC
:10C99000A7E7404B984217D103F5F8331A6A42F4DF
:10C9A00080221A621A6A22F480221A6200220292FB
:10C9B0001A6C42F480221A641B6C03F480230293E5
:10C9C000029B272202238CE7334B984217D103F5B1
:10C9D000F6331A6A42F400221A621A6A22F400221A
:10C9E0001A62002203921A6C42F400221A641B6C31
:10C9F00003F400230393039B3422032371E7274BA3
:10CA0000984217D103F5F4331A6A42F480121A627D
:10CA10001A6A22F480121A62002204921A6C42F4FA
:10CA200080121A641B6C03F480130493049B352258
:10CA3000042356E71A4B98427FF4FAAE03F592337B
:10CA40005A6A42F020025A625A6A22F020025A625E
:10CA5000002205925A6C42F020025A645B6C03F08B
:10CA600020030593059B472205233AE7FDF709FFBD
:10CA700070E700BF343D0108A43C01085C3C01089C
:10CA8000143C01080010014000380240CC7800201E
:10CA90000044004000480040004C0040005000406E
:10CAA00000140140036810B50446002B32D090F802
:10CAB0006520052A1FD8DFE802F003112E3B4855F8
:10CAC0002F4B596A41F010015962596A21F0100147
:10CAD0005962596C21F0100159640CE0284B196A15
:10CAE00041F400311962196A21F400311962196C9C
:10CAF00021F400311964234B53F82200FDF724FF81
:10CB0000214B94F8652093F86510914204BF0622EA
:10CB100083F8652010BD1A4B196A41F4802119620F
:10CB2000196A21F480211962196C21F48021E1E74E
:10CB3000134B196A41F400211962196A21F400218A
:10CB40001962196C21F40021D4E70D4B196A41F4E4
:10CB500080111962196A21F480111962196C21F48B
:10CB60008011C7E7064B596A41F020015962596AA2
:10CB700021F020015962596C21F02001ACE700BF7F
:10CB800000380240CC780020A00000201FB50A4BDE
:10CB90000A49DC6D2046FFF715FB002350B1084819
:10CBA0001A4644654FF41651CDE90233CDE90033FE
:10CBB000FFF736FE04B010BDC8430108343D01083C
:10CBC000A000002008B5074B90F8652053F822001C
:10CBD000FEF71EF900F02200A0F12203584258414E
:10CBE00008BD00BFCC78002008B5074B90F8652041
:10CBF00053F82200FEF70CF900F02100A0F1210308
:10CC00005842584108BD00BFCC7800202DE9F843B8
:10CC1000284D06460C46FAF7A7FE95F86530052B19
:10CC2000074613D895F86520234B53F82250A5F1F9
:10CC300004084046FFF7D8FFA0BB4FF47A73A2B2B6
:10CC400031462846FDF79AFE40B908E01B4B1C49C7
:10CC5000D3F85C804046FFF7B5FAE0B900242046DF
:10CC6000BDE8F88359F8232052B115494046FFF733
:10CC7000A9FA95F8653059F82320126882420ED03F
:10CC80000133DBB2052B85F86530EBD9FFF77EFF6A
:10CC90000028C7D1E2E7DFF820900023F2E7052B58
:10CCA000C0D9F3E7FAF760FEC01BB0F57A7FC0D3B6
:10CCB000D4E700BFA0000020CC780020C8430108C2
:10CCC000343D010870B50E46054610B94FF0FF30EF
:10CCD00070BDFFF777FF04460028F7D129460122EF
:10CCE00011F8663F337095F86500034B53F8200048
:10CCF000FEF7ADF82046EBE7CC78002038B50D46BE
:10CD00000446B8B1FFF75EFFA0B994F96400E5648A
:10CD1000FBF7C4F894F86500074B04F1660153F87B
:10CD200020000122FEF793F894F96400BDE8384032
:10CD3000FBF7A6B838BD00BFCC78002038B5154643
:10CD40000446B8B1016590F96400FBF7A7F8E36EFB
:10CD5000B4F8761094F8650013FA81F1064BAAB284
:10CD600053F82000FDF758FE94F96400BDE8384000
:10CD7000FBF786B838BD00BFCC78002048B1836D82
:10CD8000013306D190F86520024B53F82200FEF7DC
:10CD90000FB87047CC78002048B1836D013306D1BD
:10CDA00090F86520024B53F82200FEF719B870473F
:10CDB000CC780020836C04381847C36C04381847BB
:10CDC00030B5044650F804391D6815F0010585B0EA
:10CDD00012D0002200921A6800925B680093009BB8
:10CDE000FFF7F0FE40BB012204F16201204605B0CE
:10CDF000BDE83040FEF72BB8196811F0020106D0EB
:10CE000001951A6801925B680193019BE8E71A6833
:10CE100012F0040206D002911A6802925B68029333
:10CE2000029BDDE719680907DAD503921A680392B5
:10CE30005B680393039BD3E705B030BD08B525209D
:10CE4000FBF752F8024B1868BDE80840FDF760BEDA
:10CE5000CC78002008B52620FBF746F8034B58682D
:10CE600018B1BDE80840FDF753BE08BDCC780020DE
:10CE700008B52720FBF738F8034B986818B1BDE8D0
:10CE80000840FDF745BE08BDCC78002008B5342029
:10CE9000FBF72AF8024BD868BDE80840FDF738BE1A
:10CEA000CC78002008B53520FBF71EF8024B186936
:10CEB000BDE80840FDF72CBECC78002008B547201F
:10CEC000FBF712F8024B5869BDE80840FDF720BE99
:10CED000CC78002030B595B0102200210AA802F0CD
:10CEE000BBF81422002103A802F0B6F8244C00225B
:10CEF0000092236C43F080532364236C03F080532F
:10CF00000093009B1F4B01921A6842F480421A6002
:10CF10001B6803F480430193019B01214FF480338C
:10CF20000225CDE908134FF480030820CDE90E5304
:10CF30004FF4A873CDE91003072308A812951393A3
:10CF4000FCF734FC00B1FEE70F23CDE90335059073
:10CF50004FF4A0524FF48053052103A8CDE90623D6
:10CF6000FCF700FE00B1FEE70290236B43F4801350
:10CF70002363236B03F480130293029B15B030BD2F
:10CF80000038024000700040B0F80831B0F80421C9
:10CF9000981A00F03F007047B0F80831B0F804214B
:10CFA0009BB293421ABFD0F8FC30985C4FF0FF3030
:10CFB000704790F80631B0F80A01C0B2834227BF2B
:10CFC000C3F13F03C018C01A00F1FF30704707B526
:10CFD00003688DF807105B6801220DF1070198477F
:10CFE00003B05DF804FB13B50DF107010446FFF72C
:10CFF00069FE88B9B4F87430B4F87020013303F0D6
:10D000003F03934208D0B4F87420A16E9DF8070046
:10D0100092B28854A4F8743002B010BDB0F87620F3
:10D02000816F11FA82F202F03F0210B5A0F876206B
:10D03000B0F87610B0F8722089B28A421AD0B0F8EF
:10D040007640B0F87610A4B24032121B544289B236
:10D0500004F03F0402F03F02C1F1400158BF6242B8
:10D060008A4228BF0A4682670349FFF767FE4FF0EE
:10D07000FF3010BD0020FCE71DD000082DE9F8436B
:10D08000036804469B688846164698470123237424
:10D09000D4F8EC30B4F8067101338146C7F140078B
:10D0A00009D194F8113133B1002384F8113104F11E
:10D0B0009400FFF763FE236820469B68984700288A
:10D0C000F9D03546BD4225D84D4523D8B4F80631B0
:10D0D000D4F800015A19402A184430D82A4641464B
:10D0E00002F0ABF82F46B4F806311D4405F03F05B9
:10D0F000A4F8065104F194052846FFF775FD30B9F0
:10D100001649C4F80C713A462846FFF717FE304618
:10D11000BDE8F8834F45236828BF4F463A4641464D
:10D120005B6820469847236820469B689847ED1B1C
:10D13000B844B4F806718146C7F14007C2E7C3F1AD
:10D1400040073A46414602F078F8D4F80001EA1B5D
:10D1500008EB070102F071F8C5E700BF1DD0000819
:10D16000C0F8F030009BC0F8F430914208BF4FF097
:10D17000FF3100F11403C0E93A21C0F8FC3000F19E
:10D1800054020023A0F80831C0E94023A0F80A3176
:10D1900070470000F7B54FF47A7317460022C0E9D4
:10D1A00001231C4B03604FF0FF33C0F8EC301A4BE7
:10D1B0001A4E04469C42F06D0D4605D1B36DC4F87D
:10D1C000EC30C4F8E8000AE01549FEF7FBFF8542A1
:10D1D00015D1B36DC4F8EC30F36DC4F8E830012F0D
:10D1E0004FF0FF3308BFC4F8EC3000932046D4E979
:10D1F0003A214FF0FF33FFF7B3FF03B0F0BD094909
:10D200002846FEF7F0FF0649C4F8EC002846FEF772
:10D21000EAFFD6E704450108E4780020C843010886
:10D22000343D0108A43C0108037C70B504460D465A
:10D23000A3B1FAF799FB0646B4F80621B4F80A310F
:10D240009BB29A420AD0002DF8D0FAF78DFB801BD2
:10D250008542F1D8B4F80A31A4F8063170BD10B592
:10D260000023044680F810314FF47A71FFF7DCFF99
:10D2700004F19400FFF716FCB4F80431A4F8083167
:10D2800010BD0021FFF7D0BFD0F8EC30013310B54E
:10D2900004460ED10368DB68984794F8113143B90E
:10D2A000012384F8113104F19400BDE81040FFF728
:10D2B00073BD10BD7FB502F00703023BDBB2042B48
:10D2C000144680F8122198BF204AC0F8141198BF64
:10D2D000D25C04F0300388BF0022302B054607D112
:10D2E00001324FF4C063082A09D0092A24D0FEE78E
:10D2F00014F0200325D001324FF48063F3E70022BD
:10D30000E87C0390A87C0290C4F3C004687C019080
:10D3100005F19406640300943046FFF781FA85F81E
:10D32000100188B12846FFF7AFFF0949304604B025
:10D33000BDE87040FFF7E2BC4FF48052E0E71A46C8
:10D34000DEE7082AFBD0D2E704B070BDF444010840
:10D35000E7CF000810B50446FFF796FFB4F80821A0
:10D36000B4F8043192B29A421FBFD4F8FC20D05CCA
:10D37000013303F03F0314BFA4F804314FF0FF3032
:10D3800010BD0000024903480022FFF703BF00BFA1
:10D3900000100140E478002070B505460C460846B0
:10D3A00049B1F2F7FFFE2B680246214628465B682A
:10D3B000BDE87040184770BD08B5FFF7EDFF08BD28
:10D3C00008B5FFF7E9FF08BD03681B6818470000B0
:10D3D00008B50249FFF7E0FF08BD00BF8C31010826
:10D3E00038B50546FFF7D8FF04462846FFF7F0FF9B
:10D3F000204438BDFFF7F4BF70B50D46144630B178
:10D40000461E012E05D811462846FFF7FFFB204691
:10D4100070BD03685B689847F9E730B58BB00023AF
:10D42000012A0C468DF8243098BF0A2209A9254606
:10D43000B4FBF2F404FB125303F0FF03092B94BF77
:10D4400030333733DBB2AA4201F8013DEFD9FFF7A1
:10D45000A3FF0BB030BD2DE9F04107460E46144640
:10D460002AB90368BDE8F0411B68C9B218470A2A07
:10D4700005D1002905DBBDE8F041FFF7CEBFD2B2F0
:10D48000F9E72D21FFF7A0FF2246054671423846F5
:10D49000FFF7C3FF2844BDE8F081FFF7DCBF38B5D4
:10D4A0000546FFF7D8FF04462846FFF791FF2044C2
:10D4B00038BD38B50546FFF7CEFF04462846FFF7CE
:10D4C00087FF204438BD10B42AB902685DF8044BC8
:10D4D0001268C9B210475DF8044BD2B2FFF79DBF86
:10D4E000FFF7F1BF38B50546FFF7EDFF04462846C4
:10D4F000FFF76EFF204438BD2DE9F047194690B084
:10D5000052EA01039DF860700646944608D103680C
:10D5100030211B6898470124204610B0BDE8F087F1
:10D52000012F4FF000084FF0010A98BF0A274FF66D
:10D53000FF73B3FBF7F317FB0AFA1FFA8AFA08F135
:10D54000010853455FFA88F8F5D80024A146E24562
:10D5500079EB01031FFA8CF510D37DBB6F463D19A3
:10D56000BD42D9D015F8011D3368092994BF303167
:10D5700037311B68C9B230469847F1E7002360464F
:10D580005246F3F7A7FC844610FB0AF02D1A08EB6D
:10D590000403ADB2DBB29C42D9D0B5FBF7F004F185
:10D5A000400204F1010E0DEB020410FB07F2AA1A6F
:10D5B00004F8402C85B25FFA8EF4ECE704F14003E6
:10D5C000611CB5FBF7F20DEB030412FB07F3EB1A3A
:10D5D00004F8403C95B2CCB2BFE730B4029C24B909
:10D5E000036830BC1B68D1B21847E4B2029430BC67
:10D5F000FFF782BF37B5069900910546FFF7EDFFAB
:10D6000004462846FFF7E4FE204403B030BD000086
:10D6100070B5B4EE400AF1EE10FA2DED048B06461B
:10D62000B0EE408A0D4607D73449FFF7B5FE0446F1
:10D63000BDEC048B204670BD9FED317AF0EEC07AD0
:10D64000F4EE477AF1EE10FA01DD2E49EDE7DFED59
:10D650002E7AB4EEE70AF1EE10FA02DD2B493046DD
:10D66000E3E7DFED2B7AB4EEE70AF1EE10FAF5D43A
:10D67000B5EEC00AF1EE10FA39D52D21FFF7A4FE60
:10D68000B1EE488A04460023F6EE007AB2EE047A40
:10D69000DAB295422DD838EE278A0A22FCEEC88AE3
:10D6A000304618EE901AFFF7B8FE0444002DBFD0A4
:10D6B0002E213046FFF788FEF8EE688A044438EEE3
:10D6C000688AB2EE049A002DB2D028EE098A0A22A6
:10D6D000FCEEC88A304618EE901AFFF79EFEF8EE70
:10D6E000688A013D38EE688A0444EDB2EBE7002415
:10D6F000C9E7C7EE877A0133CAE700BFE333010801
:10D70000FFFF7F7FE7330108FFFF7F4FEB33010807
:10D71000FFFF7FCF08B5C9B2FFF77AFF08BD38B564
:10D72000C9B20546FFF774FF04462846FFF750FECE
:10D73000204438BD2DE9F84F55EC104B07460E46F6
:10D7400022462B4620462946F3F7E0F938B14E49E8
:10D750003846FFF721FE80464046BDE8F88F25F0A9
:10D7600000494A4B4FF0FF3220464946F3F7CEF9C5
:10D7700048B9464B4FF0FF3220464946F3F7A8F927
:10D7800008B94349E4E7434B4FF06042204629463D
:10D79000F3F7B2F908B14049DAE7404B4FF0604285
:10D7A00020462946F3F78AF90028F4D10022002305
:10D7B00020462946F3F782F900285CD02D2138460F
:10D7C000FFF702FE05F1004382461D463449DFF8AB
:10D7D000D4904FF0000B00204FF000085FFA8BF35D
:10D7E0009E424AD802460B4620462946F2F73EFDA5
:10D7F0000D460446F3F7A0F90A2201468146384651
:10D80000FFF70BFE0AEB0008002EA5D04846F2F702
:10D8100069FE02460B4620462946F2F725FD0446DE
:10D820000D4638462E21FFF7CFFDDFF878B0804453
:10D830004FF0000A002E8FD05B4652462046294604
:10D84000F2F7CAFE0D460446F3F776F90A220146BE
:10D8500081463846FFF7E1FD80444846F2F742FE34
:10D8600002460B4620462946F2F7FEFC013E0446DE
:10D870000D46F6B2DEE78246A8E742464B46F2F78F
:10D88000D5FF0BF1010BA9E7E3330108FFFFEF7FA1
:10D89000E7330108FFFFEF41EB330108FFFFEFC162
:10D8A0000000E03F0000244008B5C9B2FFF742FF86
:10D8B00008BD10B5044600F0DFFAE060236820469A
:10D8C0005B699847002808DA00F0D6FAE368C01AC6
:10D8D000A3689842F2D34FF0FF3010BDF8B5074669
:10D8E0000D468E180C46B44201D1601BF8BD384677
:10D8F000FFF7DFFF431CF8D004F8010BF3E72DE935
:10D90000F0410746884616461D4673B10024384646
:10D91000FFF7CFFF431C05D0404503D030550134FD
:10D92000A542F4D12046BDE8F0811C46FAE710B5C7
:10D93000044628B100F08AFB90FBF4F303FB1404C7
:10D94000204610BD884210B5044603DA081AFFF7D6
:10D95000EEFF0444204610BD704708B50320FAF7D7
:10D960004BFABDE8084000F0A5BA08B5AFF3008057
:10D97000F6F740F9F5F71AFF00F08EFAFAE7000023
:10D98000C0F30312082A10B503460ED8084A002037
:10D99000D9B252F8044B8C4203D103F4E06318432C
:10D9A00010BD01304B28F4D1FAE74B20F8E700BF57
:10D9B000C843010810F0F00130B5024618D1C4B2D6
:10D9C00000F4E0632F4850F824000343C0B24A2813
:10D9D00030D903F0C004C02C01D1CF2833D9A2F133
:10D9E000D003022B94BF02F631704FF0FF3029E0D4
:10D9F00000F0C003C02BF2D1C4B2CF2CEFD800F09E
:10DA00003F0500F4E0631F4850F825000343C0B20F
:10DA10004A280FD903F0C003C02BE0D1CF2CDED8A9
:10DA2000184802F03F0402F4E06350F82400034376
:10DA3000C0B2D2E7144951F8200003F4E063184360
:10DA4000431CCCD030BD03F03F030E4850F82340B8
:10DA50000D4B53F8243041B9D1B250F82110114385
:10DA600001F4E06143EA0100EAE702F0C001C029E5
:10DA700005D1D1B2CF2902D802F03F01EDE74FF432
:10DA8000E061EFE788430108C8430108DFF834D0BC
:10DA9000FEF7CAFB0C480D490D4A002302E0D4589A
:10DAA000C4500433C4188C42F9D30A4A0A4C0023E8
:10DAB00001E013600432A242FBD301F08FFBFFF7B9
:10DAC00054FF70470000022000000020F8020020F0
:10DAD000BC470108F80200206C7B0020FEE7914261
:10DAE0000FD008D9891A01238B40984208D30130FE
:10DAF000C8400138704720B10130521A9040F8E711
:10DB000000207047431E1F2B0ED80C280DDC062862
:10DB10000DDD08280DDD0B28B4BF0A230C23064AAF
:10DB20001060064A13607047FEE70C23F7E70623F0
:10DB3000F5E70823F3E700BF2C01002028010020AF
:10DB4000431E1F2B07D8044B10281860034BA8BF97
:10DB5000102018607047FEE72401002020010020FB
:10DB6000014B1860704700BF1C01002010B5FFF783
:10DB700021FF431C0AD0064C2168FEF71DF8054B17
:10DB800021681A68BDE81040FFF7A9BF002010BD4A
:10DB9000280100202C010020C3B24A2B2DE9F041BE
:10DBA00005460E462DD83D4A52F8233000F4E06475
:10DBB0001C43671C6FD03A493A4F2046FEF74DFA96
:10DBC00080B3C4F30311384A52F8210004F00F0364
:10DBD00020FA03F5ED075FBF012505FA03F30343C0
:10DBE00042F82130304639684FF00C0248BF00251A
:10DBF000FFF775FF2A4601462046BDE8F041FDF7D4
:10DC000001BF00F0C002C02A45D1CF2B43D8274B1B
:10DC100000F03F0200F4E06453F822201F4B53F859
:10DC20002230C5E722492046FEF717FA8046F8B1B0
:10DC3000C4F303111C4A52F8210004F00F0520FA26
:10DC400005F3DB075FBF0123AB40034342F82130FC
:10DC5000184B39681D6830462A46FFF740FF1649C1
:10DC60000246EBB220460968BDE8F041FEF73CB839
:10DC70002846012100F022F8396830460822FFF7D3
:10DC80002EFF7F2898BF4146284688BF0121BDE866
:10DC9000F04100F07DB8BDE8F08100BFC843010845
:10DCA0007841010824010020FC7900208843010804
:10DCB000C43D0108200100201C010020C3B24A2BF2
:10DCC0002DE9F0410D462AD82C4A52F8233000F4B1
:10DCD000E0641C43621C4ED0294EC4F3031704F0C9
:10DCE0000F0856F8273023FA08F3DB0710D525492B
:10DCF0002046FEF7B2F918B32046FDF7D3FE56F8DA
:10DD00002730012202FA08F223EA020346F82730FC
:10DD1000052D1FD8DFE805F01F2B2527292D00F042
:10DD2000C002C02A27D1CF2B25D8174B00F03F02C5
:10DD300000F4E06453F82220104B53F82230C8E777
:10DD400012492046FEF789F90028D8D02046FEF770
:10DD50001BF8D4E7FEE700212046BDE8F041FEF7BE
:10DD60008BB91021F8E72021F6E70321F4E7012120
:10DD7000F2E70921F0E7BDE8F08100BFC8430108E0
:10DD8000FC7900207841010888430108C43D01085E
:10DD9000C3B24A2B19D8164A52F8233000F4E06077
:10DDA0001843431C10D0C0F30313082B98BF114A2B
:10DDB00000F00F0098BF52F823200F4B88BF0022BD
:10DDC00053F8203091B19361704700F0C002C02A2F
:10DDD000FAD1CF2BF8D8094B00F03F0200F4E060F5
:10DDE00053F82220024B53F82230D9E71B04EAE70C
:10DDF000C84301086C0000206C3A01088843010800
:10DE0000C3B24A2B19D8184A52F8233000F4E06004
:10DE10001843431C22D0C0F30313082B20D8134A05
:10DE200000F00F0052F82320114B126953F82030F4
:10DE300093430CBF01200020704700F0C002C02AAD
:10DE40000CD1CF2B0AD80B4B00F03F0200F4E0605E
:10DE500053F82220044B53F82230D9E700207047B2
:10DE600000231B69FFDE00BFC84301086C000020CF
:10DE70006C3A010888430108FDF7B2BF38B5044683
:10DE800048B1FDF7ADFF0546FFF766FDFDF7A8FFBA
:10DE9000431BA342F8D338BD08B5044B2BB104484B
:10DEA000FFF772F808B1AFF3008008BD0000000072
:10DEB000E4780020FDF7E4BF002100F035BF0A221E
:10DEC000002100F0B7BF0A22002100F0B3BF00001C
:10DED000024B0146186800F02DB800BFA8020020D0
:10DEE000024B0146186801F0DDB900BFA80200200E
:10DEF00070B50F4E0C463168054611B901F046F970
:10DF000030602146284601F041F9431C03D14FF00F
:10DF1000FF34204670BDC41C24F00304A042F8D096
:10DF2000211A284601F032F90130F2D1EFE700BFA3
:10DF3000207A00202DE9F843CD1C25F00305083593
:10DF40000C2D38BF0C25002D064601DBA94204D953
:10DF50000C2333600020BDE8F883DFF8D48000F0A4
:10DF600069F8D8F800301C4644BB29463046FFF714
:10DF7000BFFF431C044658D1D8F800402746002F65
:10DF800043D1002C4BD023683946304604EB0309BB
:10DF900001F0FCF8814542D121686D1A29463046CE
:10DFA000FFF7A6FF01303AD023682B442360D8F84E
:10DFB00000305A6862BBC8F800700FE02268521B3C
:10DFC00020D40B2A17D96119A342256018BF5960C4
:10DFD000636808BFC8F8001062514B60304600F01B
:10DFE0002FF804F10B00231D20F00700C21A1CBFFC
:10DFF0001B1AA350AFE76268A3420CBFC8F8002009
:10E000005A60EBE723466468AEE73C467F68B6E7B4
:10E010001A465B68A342FBD100235360DEE70C2362
:10E020003360304600F00CF894E70560D6E700BF97
:10E03000247A0020014801F0F6B800BF687B002078
:10E04000014801F0F1B800BF687B0020164B10B505
:10E050001C68226BB2B91820FFF73AFF0246206312
:10E0600020B9124B1248522101F0FEF81149124B0F
:10E07000C0E90013114B83600B2383810021012031
:10E08000C2E9040113690E4854690E49584301FB63
:10E090000400A3FB0131013340EB0100C2E904306D
:10E0A00020F0004010BD00BFA8020020EF3301089F
:10E0B000063401080E33CDAB34126DE6ECDE0500FC
:10E0C0002DF451582D7F954C024B0A460146186895
:10E0D00000F002B8A80200202DE9F04107461446DE
:10E0E0000D4621B9BDE8F0411146FFF723BF2AB91B
:10E0F00001F0D8F825462846BDE8F08102F022F963
:10E100008442064602D8B4EB500FF4D82146384674
:10E11000FFF710FF804608B94546ECE7B4422246B7
:10E12000294628BF324601F088F82946384601F0D2
:10E13000B9F8F1E770B504460D4645EC104B1646AC
:10E1400001F0C2FF51EC100B7EB1C5F30A53C3F1CD
:10E150006B03002B09DD1B0503F17F55002405F53A
:10E16000401522462B46F2F737FA41EC100B70BDF2
:10E170002DE9F04F9DB00E461592002204901892A2
:10E180004FF000084FF0000917910A782B2A0D462E
:10E1900001F101011DD00BD80D2A06D8082AF3D8A9
:10E1A0007AB100230B939A4683E0202AECD0F8E75B
:10E1B0002D2A10D10122691C17910B926A78002A2E
:10E1C00037D1159B1796002B40F0958542464B465C
:10E1D0002AE00022EFE700210B91302A40F09B80DB
:10E1E0006A7802F0DF02582A5AD102930B9B0193FE
:10E1F00018AB0093814A049819AB17A901F004F9F0
:10E2000010F00F06044605D0062E14D10135002368
:10E2100017950B93159B002B40F06F850B9B002BE4
:10E22000D4D0424609F1004343EC102B1DB0BDE8A9
:10E23000F08F0D46D1E7189A3AB135211AA802F0AD
:10E240003DF81899049801F003FC013E042E06D80D
:10E25000DFE806F014031E211400DDE91A89E00549
:10E2600048BF49F0004929F000431B0D1B05002B56
:10E27000D0D100F0ADFF22230360CBE7DDE91A83A4
:10E28000199A23F4801302F2334243EA0259E6E773
:10E29000DFF87091E3E76FF000494FF0FF38DEE7F9
:10E2A000013517952B78302BFAD0002BB2D04FF0D8
:10E2B000010A00272B460E97BB460A21184613F881
:10E2C000014BA4F13002092A28D94D49012200F05E
:10E2D000D8FE002834D00020CDE9060022465C4656
:10E2E000652A01D0452A14D124B95AEA00033FF423
:10E2F00068AF0024179E731C179372782B2A73D073
:10E300002D2A77D04FF0000CA2F13003092B7FD9D2
:10E31000179600239EE04FF0000ACAE7BBF1080FF2
:10E32000D8BF0E9A1793DBBF01FB0242303A01FBC4
:10E3300007420E92C8BFA2F130070BF1010BBDE7F7
:10E34000179B5A1C17925A78BBF1000F34D00690D5
:10E350005C46A2F13003092B12D901230793BFE7D2
:10E36000179B5A1C17925A780130302AF8D0A2F124
:10E370003103082B00F2C6840690179D0020044646
:10E38000303A00F1010311D0069919440691234651
:10E3900020440A21834203F101040FD1082B18DC29
:10E3A0000E990A2303FB01230E930023179A511C95
:10E3B000179152781846CCE75846D6E7082B04DC6C
:10E3C0000E9C4C430E940133E4E7102CD8BF4F430E
:10E3D000F9E70F2BDCBF0A2303FB0727E5E7002142
:10E3E0000123CDE9061380E74FF0000CB31C17930F
:10E3F000B27889E74FF0010CF8E700BF3C4501080F
:10E40000F82F01080000F07F179B5A1C17925A78CA
:10E41000302AF9D0A2F13103082B3FF67AAF179BCF
:10E420000593A2F1300E013317931A78A2F130014F
:10E4300009293CD905995B1A082B44F61F633CDC7B
:10E440009E457146A8BF19460591BCF1000F02D048
:10E45000059B5B420593002C50D15AEA00007FF4E3
:10E46000D9AE079B002B7FF4ACAE692A29D026DCFD
:10E47000492A26D04E2A7FF4A4AEA14917A801F05C
:10E48000E5F900283FF49DAE179B1B78282B2FD170
:10E490009C491AAA17A801F0EDF9052828D11B9B61
:10E4A000DDF8688043F0FF4949F4E009B2E60A214B
:10E4B00001FB0E22A2F1300EB5E70593C5E76E2AE7
:10E4C000D9E7914917A801F0C1F900283FF479AEC6
:10E4D000179B8E49013B17A8179301F0B7F910B9A4
:10E4E000179B01331793DFF834924FF0000891E641
:10E4F000874800F0B1FE59EC108B8BE6DDE9053260
:10E500000E989B1ABBF1000F08BFA346102C0A936C
:10E51000A246A8BF4FF0100AF1F7E4FF092C80468D
:10E52000894613DC0A9B002B3FF474AE0A9B73DD13
:10E53000162B5ADC774901EBC301D1E900014246B1
:10E540004B46F2F749F88046894663E6714B03EB88
:10E55000CA0353E91223F2F73FF88046384689464A
:10E56000F1F7C0FF02460B4640464946F1F77EFEF2
:10E570000F2C80468946D5DD0A9BA4EB0A0A9A44F3
:10E58000BAF1000F40F397802AF00F061AF00F0A35
:10E5900051D1B6F59A7F5EDC0023DFF87CA13611FD
:10E5A000404649461F46012E79D10BB18046894627
:10E5B0005949A9F1547901EBC70142464B46D1E9CB
:10E5C0000001F2F709F8554B0A460B4054498B42BB
:10E5D000804640D8A1F580118B4286BFDFF8449178
:10E5E0004FF0FF3802F1547932E00A9AC4F1250362
:10E5F0009342C1DB474DC4F10F0405EBC401424611
:10E600004B46D1E90001F1F7E7FF0A9B1C1B05EB24
:10E61000C405D5E9002394E71633ADDBDDE9052316
:10E620009A1A3C4B03EBC203D3E900234046494608
:10E63000F2F7FCF887E7374901EBCA0142464B463F
:10E64000D1E90001F1F7C8FF80468946002EA0D12C
:10E6500000230793A0E0002405940E940694049AE6
:10E66000DFF8B890222313604FF000080E9B002BB8
:10E670003FF4D0AD1899049801F0EAF9069904988E
:10E6800001F0E6F9DDE9040101F0E2F90E990498E0
:10E6900001F0DEF90498214601F0DAF9BAE5F20753
:10E6A00004D5DAE90023F1F797FF0123013776104B
:10E6B0000AF1080A77E7CBD0CAF1000A4FEA2A1616
:10E6C0001AF00F0A0DD11F2E2EDD002405940E9492
:10E6D0000694049A22234FF000084FF000091360BB
:10E6E000C4E70C4B03EBCA0340464946D3E9002379
:10E6F000F2F79CF880468946002EA9D0E3E700BFD8
:10E70000E433010828450108E8330108883401088A
:10E710005A270108B0460108884601080000F07F2A
:10E720000000A07CFFFFEF7F16F0100318BF6A23E4
:10E73000764F0793404649460023F20704D5D7E9B0
:10E740000023F1F749FF0123761007F10807F4D100
:10E750000BB180468946079BB3B1C9F30A52C2F197
:10E760006B03002B49460FDD1F2B57DD342BDEBF1B
:10E770004FF0FF33C2F14B0293404FF00008CCBF83
:10E780004FF05C7903EA0109002200234046494624
:10E79000F2F78AF9002898D10E9B0093049823463B
:10E7A0005A46294601F0BCF90E9000283FF453AFB9
:10E7B000DDE905239B1A0A9A002AA8BF00231293B9
:10E7C000002422EAE273149305940E9B049859687E
:10E7D00001F000F9069000283FF441AF0E9B1A6942
:10E7E000023203F10C0192000C3000F026FD49ECDE
:10E7F000108B04981AAA19A9CDE90C8901F0D4FC50
:10E80000189000283FF42BAF0498012101F01EFA64
:10E810000590034648B90023059320E74FF0FF32E7
:10E8200002FA03F303EA0808AEE7199D1A9A002DCD
:10E83000ABBF129B149B149E129FACBFEF185E1BC4
:10E84000079BED1A1544324B013D9D42C2F1360241
:10E850004FDA5B1B1F2BA2EB03024FF001013CDCE4
:10E8600001FA03FA4FF0000BBD18079BAF421644A4
:10E870001E443B46A8BF2B46B342A8BF3346002BDD
:10E88000C2BFED1AF61AFF1A129B002B16DDDDE946
:10E8900004011A4601F09AFA05900028BBD00146FF
:10E8A000189A049801F0E8F90F9000283FF4D7AEC9
:10E8B0001899049801F0CCF80F9B1893002D1BDCDD
:10E8C0000A9B002B26DD149A0699049801F07EFA23
:10E8D0000690F8B900230693C1E6C5F17F4505F51A
:10E8E0007F0505F57B45E23501FA05FB4FF0010A8E
:10E8F000BAE74FF0000BF9E7189904982A4601F09F
:10E90000C1FA18900028DBD1A9E600BF50450108E4
:10E9100002FCFFFF002E07DD06990498324601F045
:10E92000B1FA06900028D5D0002F08DDDDE90401FA
:10E930003A4601F0A7FA059000283FF490AE069AF7
:10E940001899049801F028FB044600283FF487AE8C
:10E95000C3680F9300230599C36001F001FB0028F1
:10E960003CDA0F9B53EA08035ED1C9F313034D460B
:10E97000002B59D129F000431B0D1B05B3F1D66FB5
:10E9800052D9636913B92369012B4DDD2146012258
:10E99000049801F077FA0599044601F0E1FA00289D
:10E9A00042DDAD4B079A2B40002A5FD0B3F1D66F02
:10E9B0005CD8B3F15C7F7FF68CAEA84B40464946ED
:10E9C0000022F1F709FEA44B0B4080468946002B3C
:10E9D0007FF450AE049A222313604BE64D4662D179
:10E9E0000F9AC9F3130342B39D4A934228D1079B60
:10E9F0004146EBB1984B2B40B3F1D46F4FF0FF324F
:10EA000019D81B0DC3F16B0302FA03F3994217D116
:10EA1000944B9D4202D101313FF421AE8E4B2B40ED
:10EA200003F580194FF00008079B002BC5D121E6A4
:10EA30004FF0FF33EAE71346E8E753EA0803B0D0A4
:10EA4000BBF1000F1BD01BEA050FEDD00F9B079AFF
:10EA500040464946B3B1FFF76DFBDDE90C0153ECCD
:10EA6000102BF1F703FC80468946DDE7A3F5801300
:10EA70006FEA13596FEA09594FF0FF38D4E71AEAE1
:10EA8000080FE2E7FFF756FBDDE90C0153EC102B12
:10EA9000F1F7EAFB0022002380468946F2F704F8EA
:10EAA0000028C1D015E60599204601F0D5FB57ECAA
:10EAB000106B00224FF0804330463946F2F708F8D9
:10EAC000002870D00F9B002B7BD1B8F1000F56D1DE
:10EAD000C9F31303002B58D1634B0022304639464B
:10EAE000F1F7ECFF002859D1604B0022304639463F
:10EAF000F1F772FD82468B460BF10043CDF820A062
:10EB00000993554B544A2B401393594B2A409A4230
:10EB1000DDE9086740F0B080A5F1547949EC108B2D
:10EB200001F0D2FADDE9082351EC100BF1F754FDA6
:10EB300042464B46F1F79AFB474D4E4A0D409542EF
:10EB4000804645D90D9A474B9A4203D10C9B01331D
:10EB50003FF485ADDFF80C914FF0FF381899049819
:10EB600000F076FF0699049800F072FFDDE90401D9
:10EB700000F06EFF0498214600F06AFF25E6B8F128
:10EB8000010F02D1002D3FF4A4AD9FED2B7BDFF8E8
:10EB9000D8B08DED087B4FF0000AB2E7DFF8CCB0BB
:10EBA0004FF0000AA8E7314B002230463946F1F712
:10EBB00013FD0F9B82468B46002B9DD0CDE908AB01
:10EBC0009FE79FED1F7B8DED087B5BEC17AB98E714
:10EBD00001F15479079B002BC0D129F00043139A0F
:10EBE0001B0D1B059A42B9D15046594603F048F90E
:10EBF000F1F7C4FC02460B4650465946F1F734FB88
:10EC00000F9AC9F3130343EA0803134306460F465A
:10EC10006BD00DA3D3E90023F1F750FF00287FF458
:10EC200029AD0BA3D3E9002330463946F1F764FF41
:10EC3000002893D01EE500BF000000000000F0BFD8
:10EC4000000000000000F03F9535A094FFFFDF3F7B
:10EC500035E5AF350000E03F0000F07F000050399F
:10EC6000FFFF0F00FFFFEF7F0000F03F0000E03FDD
:10EC70000000E07FFFFF9F7C079B13B3139BB3F162
:10EC8000D46F1ED824A3D3E9002350465946F1F788
:10EC90001FFF90B159465046F1F74EFF012838BF8B
:10ECA0000120F1F71FFC0F9B82468B46D3B901F17F
:10ECB000004310901193DDE91067139A07F1D663B2
:10ECC0009F1A9DED0C0B01F0FFF9304653EC102B11
:10ECD0003946F1F781FCDDE90C23F1F7C7FA8046EC
:10ECE000894677E7CDE910ABE5E70DA3D3E900232B
:10ECF000F1F7E4FE9CE700230B93159A179B136032
:10ED0000FFF78CBA652A3FF46AAB452A3FF467AB3C
:10ED100001230793FFF7A1BB0000C0FFFFFFDF4106
:10ED20009535A094FFFFCF3F0A4601460248034BAA
:10ED30000068FFF71DBA00BFA80200203C010020B8
:10ED4000242B2DE9F0478646904601D8012B06D1A9
:10ED500000F03EFA162303600020BDE8F087344837
:10ED60000D462A4615F8014B065D16F00806F8D147
:10ED70002D2C10D12C780126951C33F0100215D1C2
:10ED8000302C0DD12A7802F0DF02582A08D16C7895
:10ED9000023510230AE02B2C04BF2C78951CECE7DD
:10EDA000002BF6D1302C14BF0A23082306F1004CA7
:10EDB0000CF1FF3C0022BCFBF3F9104603FB19CA1F
:10EDC000A4F13007092F0FD83C46A3421BDD571C86
:10EDD00007D0814514D301D1A24511DB00FB0340CC
:10EDE000012215F8014BEBE7A4F14107192F01D8D7
:10EDF000373CEAE7A4F16107192F04D8573CE4E750
:10EE00004FF0FF32EDE7531C08D12223CEF800303B
:10EE10006046B8F1000FA0D0691E06E006B140427E
:10EE2000B8F1000F99D0002AF6D1C8F8001094E785
:10EE30007945010813460A46014602480068FFF773
:10EE40007FBF00BFA8020020002310B50446C0E920
:10EE50000033C0E90433836081814366C2818361EA
:10EE6000194608225C3000F0F7F80D4B63620D4B39
:10EE7000A3620D4BE3620D4B23630D4B24629C4256
:10EE800006D003F16802944202D0D0339C4205D1EF
:10EE900004F15800BDE8104000F0C4B910BD00BF37
:10EEA000D1EF0008F3EF00082BF0000851F0000844
:10EEB000287A0020024A0349034800F06BB800BFDB
:10EEC000300100208D070108AC02002041680C4B86
:10EED000994210B5044601D001F058FCA168094BD5
:10EEE000994202D0204601F051FCE168064B99425C
:10EEF00004D02046BDE8104001F048BC10BD00BF62
:10EF0000287A0020907A0020F87A00200C4B0D4AD5
:10EF10000D4810B504211A600022FFF795FF0A4B37
:10EF200001221C46092103F16800FFF78DFF04F15F
:10EF3000D0000222BDE810401221FFF785BF00BFBC
:10EF4000607B0020B5EE0008287A0020014800F020
:10EF50006AB900BF697B0020014800F065B900BFB5
:10EF6000697B002010B50446FFF7F0FF236A1BB150
:10EF7000BDE81040FFF7F0BF044B2362044B1B6851
:10EF8000002BF5D1FFF7C2FFF2E700BFCDEE00087E
:10EF9000607B00202DE9F84307468846144600268A
:10EFA000D4E90195B9F1010905D52468002CF7D100
:10EFB0003046BDE8F883AB89012B07D9B5F90E308F
:10EFC000013303D029463846C04706436835E9E790
:10EFD00010B50C46B1F90E1000F0C6F80028ABBF12
:10EFE000636DA3891B1823F48053ACBF6365A381B1
:10EFF00010BD2DE9F0411F468B89DB0505460C4607
:10F00000164605D5B1F90E100223002200F09AF839
:10F01000A389B4F90E1023F48053A38132463B46F2
:10F020002846BDE8F04100F0C1B810B50C46B1F972
:10F030000E1000F087F8B4F90C30421C0BBF23F41B
:10F04000805343F48053A381A38118BF606510BD32
:10F05000B1F90E1000F066B802440346934200D1A5
:10F06000704703F8011BF9E7C9B20346184613F8C5
:10F07000012B12B18A42F9D17047002918BF002034
:10F08000704710B56AB10139841810F8012B11F8D6
:10F09000013F9A4203D1A04201D0002AF5D1D01AF3
:10F0A00010BD1046FCE710B50139034632B111F826
:10F0B000014F03F8014B013A002CF7D11A4400210B
:10F0C000934200D110BD03F8011BF9E7F0B50446E7
:10F0D00008B9146844B1204614F8015B0F4617F8CC
:10F0E000016B1EB965B91560002005E0B542F6D187
:10F0F000002BF0D114600370F0BD1C460CE01DB96C
:10F10000274614F8013B0E4616F8015BAB42F6D1D8
:10F11000002BF2D000233B701460EDE70123FFF7D2
:10F12000D5BF000038B5064D0023044608462B60C5
:10F13000FCF76EFB431C02D12B6803B1236038BD82
:10F14000647B002038B5074D04460846114600226E
:10F150002A601A46FCF766FB431C02D12B6803B1F8
:10F16000236038BD647B002038B5074D044608464F
:10F17000114600222A601A46FCF756FB431C02D1B6
:10F180002B6803B1236038BD647B002038B5064D81
:10F190000023044608462B60FCF71CFB431C02D1ED
:10F1A0002B6803B1236038BD647B002038B5074D60
:10F1B00004460846114600222A601A46FEF71CF94A
:10F1C000431C02D12B6803B1236038BD647B00204F
:10F1D000014B1868704700BFA802002070B50D4BA6
:10F1E0000D4D5B1B9C100026A64209D102F0FEFFCC
:10F1F0000A4D0B4B5B1B9C100026A64205D170BD2F
:10F2000055F8043B98470136EEE755F8043B98471C
:10F210000136F2E79047010890470108904701083E
:10F22000AC470108704770477047034611F8012B3F
:10F2300003F8012B002AF9D170470A44914200F1EA
:10F24000FF3300D1704710B511F8014B03F8014F9F
:10F250009142F9D110BD00009FED010B704700BF36
:10F26000000000000000F87F1FB514461A46094B45
:10F270001B680546D8684CB1074B0091CDE90134B5
:10F2800006492B4601F0AAFA01F0BAFA044B1C46D3
:10F29000F3E700BFA802002094340108A13401085C
:10F2A0005A27010838B50546002941D051F8043CD9
:10F2B0000C1F002BB8BFE418FEF7BCFE1D4A1368F4
:10F2C00033B9636014602846BDE83840FEF7B8BE25
:10F2D000A34208D9206821188B4201BF19685B68D6
:10F2E00009182160EDE71A465B680BB1A342FAD911
:10F2F00011685018A0420BD1206801445018834275
:10F300001160E0D118685B68536008441060DAE768
:10F3100002D90C232B60D6E7206821188B4204BF4A
:10F3200019685B68636004BF091821605460CAE70C
:10F3300038BD00BF247A00200369B3EB611F2DE9BB
:10F34000F0434FEA611200F1140445DD11F01F0192
:10F3500004EB830604EB82050CD100F1100729466B
:10F36000B14234D39B1A9B00EA1E964238BF002359
:10F37000234415E054F82270C1F12008CF4005F174
:10F38000040EA1467645F44615D89A1A9200043A1E
:10F390000135AE4238BF0022A318A75007B104338D
:10F3A0001A1BA3424FEAA20208BF0023026108BF52
:10F3B0004361BDE8F083DCF800C00CFA08FC4CEABD
:10F3C000070749F8047B5EF8047BCF40DAE751F881
:10F3D00004CB47F804CFC3E72346E1E7A0F13003AD
:10F3E000092B02D82038C0B27047A0F16103052B69
:10F3F00001D84738F7E7A0F14103052B01D827389A
:10F40000F1E70020704700002DE9F04F85B08A46F3
:10F4100002930B68019090469C1CA14614F8010BC6
:10F420003028FAD0A9EB0303A3F1020BFFF7D6FFB4
:10F430000546002868D1A04901224846FFF721FE71
:10F440000746002867D199F801002646FFF7C6FF56
:10F45000002862D0234618783028994603F101032A
:10F46000F9D0FFF7BBFFB0FA80F56D094FF0010B43
:10F470004A46164601323078FFF7B0FF0028F8D12F
:10F480008D4901223046FFF7FCFD00283FD144B9E9
:10F49000741C2246164601323078FFF79FFF002881
:10F4A000F8D1A41BA700337803F0DF03502B3ED123
:10F4B00073782B2B33D02D2B34D0711C002408787B
:10F4C000FFF78CFF431EDBB2182B30D8A0F11002DF
:10F4D00011F8010FFFF782FF00F1FF3C5FFA8CFC8F
:10F4E000BCF1180F4FF00A031ED904B15242174461
:10F4F000CAF80010EDB1BBF1000F0CBF06250025C6
:10F50000284605B0BDE8F08F00252C46B0E7002C5A
:10F51000C7D12746C7E74E462F460125C3E700243B
:10F52000B11CCCE70124FBE703FB0200CEE7314628
:10F53000DEE7A6EB0903013B2946072B0ADC01980D
:10F5400000F048FA044640B95C4B0246E4215C48AE
:10F55000FFF78AFE01315B10EFE700F1140A002388
:10F5600055469B46B14537D345F804BBA5EB0A0584
:10F57000AD102561584600F01DFB6D01D8F8006004
:10F580002D1AB54254DDAD1B2946204600F0B9FEC8
:10F59000814678B16B1E591103F01F025AF82110F1
:10F5A0004FF0010909FA02F20A4203D04B4536DC5A
:10F5B0004FF0020929462046FFF7BEFE2F44D8F837
:10F5C0000830BB4242DA0198214600F041FA0E9A17
:10F5D00000231360A32593E716F8012D2E2A12D0DD
:10F5E000202B04D145F804BB4FF0000B5B4630786C
:10F5F0000393FFF7F3FE039B00F00F0098404BEAE4
:10F60000000B0433AEE7B145EAD82B49039301223E
:10F610003046FFF736FD039B0028E1D1A2E7A91E83
:10F62000204600F06EFE0028C2D04FF00309C1E76B
:10F6300009DA751B214601982A4600F023FC7F1B3E
:10F64000044600F1140A4FF00009B8E7D8F8045056
:10F65000BD426FDDED1BAE4234DCD8F80C30022B1E
:10F6600022D0032B24D0012B15D1AE4213D1012E71
:10F670000BD1029AD8F80430136001232361CAF831
:10F6800000300E9B62251C603AE7711E204600F098
:10F6900038FE0028EDD10198214600F0D9F90E9AE4
:10F6A0000023136050252BE70F9B002BF3D1E0E7DD
:10F6B0000F9B002BDDD1EEE7F82F0108D0340108B5
:10F6C000E13401086F1EB9F1000F30D127B139467E
:10F6D000204600F016FE81467A1101235AF82220B6
:10F6E00007F01F07BB4013422946204618BF49F0C8
:10F6F0000209FFF721FED8F80470761B0225B9F144
:10F70000000F47D0D8F80C30022B15D0032B17D0A0
:10F71000012B09D119F0020F06D0DAF8003049EABE
:10F72000030919F0010F0ED145F0100532E04FF03A
:10F730000109D1E70125E2E70F9BC3F101030F9314
:10F740000F9B002BF0D0D4F810B004F114034FEA53
:10F750008B0A03EB8B014FF0000C184653F8042B77
:10F76000B2F1FF3F1BD001320260022D04F11403FD
:10F770003CD1D8F80020013AB24209D171110122DE
:10F7800053F8213006F01F0602FA06F61E423AD15F
:10F7900045F020050E9B1C60029B1F60B0E699425D
:10F7A00043F804CCD9D8A3689B4517DB616801985E
:10F7B000013100F00FF9814618B91A4B0246842135
:10F7C000C5E62269023204F10C0192000C30FFF709
:10F7D00034FD2146019800F03BF94C4623695A1C40
:10F7E00004EB8303226101225A61BEE722695A4574
:10F7F0000BDD01212046FFF79FFDD8F808300137C7
:10F80000BB42FFF6E0AE0125C2E716F01F06FAD0B4
:10F810005344C6F1200653F8040C00F0CBF9B04273
:10F82000E7DBF0E7D0340108C2F10802920070B5BE
:10F83000C2F120064368046803FA06F52C43D3405E
:10F84000046040F8043F8842F4D370BD30B50368CB
:10F85000013311F8014B14B90360012030BD13F8D6
:10F86000012BA2F14105192D98BF2032A242F0D000
:10F870000020F3E72DE9F04F0B6801685E1102EB01
:10F88000860613F01F0387B018BF04360025371F04
:10F8900082469046019346F8045CB9463C46029580
:10F8A000AB464A784B1C039342B310460591049231
:10F8B000FFF794FD002853D1049A0599202A18D8FF
:10F8C000029B9B4513DD4C4506D2072D04DC2A46DE
:10F8D00049462046FFF7A8FF444554D90023A4F128
:10F8E000040944F8043CCDF808B04C461D46039981
:10F8F000D7E7292A59D10231CAF80010BBF1000F0D
:10F9000053D04C4506D2072D04DC2A4649462046F2
:10F91000FFF78AFF444538D9A8F10402234653F87B
:10F92000041B42F8041F9F42F9D23B1B23F0030340
:10F930000134033EB44288BF002308F1040213449B
:10F9400000211A4604339F421160FAD23B681BB96A
:10F95000474528D101233B60052007B0BDE8F08F63
:10F960000135082D0BF1010B06DD4445BFD90023FD
:10F9700044F8043C0125043C226800F00F0040EAF2
:10F9800002102060B3E70825B1E7019B002BDDD012
:10F99000C3F120034FF0FF32DA4056F8043C134025
:10F9A00046F8043CD2E7043FD0E70420D5E782B014
:10F9B00001B901A942B14BB113780B601278101E46
:10F9C00018BF012002B070471046FBE76FF001003E
:10F9D000F8E7000070B5C46905460E4684B91020EA
:10F9E000FEF776FA0446E86128B90246164B174836
:10F9F0006B21FFF739FC0023C0E901330360C360CA
:10FA0000E36853B921220421284600F000FFEB6986
:10FA1000E060DB680BB9002070BD53F8260030B100
:10FA2000026843F826200023C0E90333F4E70121EC
:10FA300001FA06F4621D9200284600F0E8FE002854
:10FA4000E9D0C0E90164EEE7EF3301086B35010846
:10FA500070B5C66905460C4676B91020FEF738FA2F
:10FA60000246E86120B9094B09488F21FFF7FCFBEA
:10FA7000C0E901660660C6603CB1EB696268DB689C
:10FA800053F82210216043F8224070BDEF33010883
:10FA90006B3501082DE9F0410D6907460C461E46FD
:10FAA00001F1140C0020DCF8003099B202FB016176
:10FAB0001E0C0B0C02FB063389B2013001EB034133
:10FAC00085424CF8041B4FEA1346ECDC0EB3A368E6
:10FAD000AB4219DC616838460131FFF77BFF804695
:10FAE00028B902460C4B0D48BA21FFF7BDFB22692D
:10FAF000023204F10C0192000C30FFF79EFB21460C
:10FB00003846FFF7A5FF444604EB850301355E61E7
:10FB100025612046BDE8F081D03401086B3501082D
:10FB20002DE9F8430C4615461F46092208330646C0
:10FB300093FBF2F3002101229A4209DB3046FFF7E2
:10FB400049FF40B90246194B1948D321FFF78CFBF6
:10FB500052000131F0E7089B4361092D4FF001038A
:10FB6000036116DD04F10908C1462C4419F8013B74
:10FB70000146303B0A223046FFF78CFFA145F5D104
:10FB8000A844A8F108042D1B63199F4204DCBDE8BA
:10FB9000F8830A340925F6E714F8013B0146303BA7
:10FBA0000A223046FFF776FFEEE700BFD0340108A7
:10FBB0006B350108B0F5803F034636BF03040020D3
:10FBC0001020B3F1807F3CBF1B020830B3F1805F8F
:10FBD0003CBF1B010430B3F1804F3CBF9B0002309F
:10FBE000002B05DB13F0804F00F1010008BF20203F
:10FBF00070470368024613F007000BD0D90721D4E1
:10FC0000980749BF5B089B08012013605CBF136025
:10FC10000220704799B209B91B0C1020D9B209B95A
:10FC200008301B0A190704BF1B090430990704BFD9
:10FC30009B080230D90703D45B0800F1010003D010
:10FC400013607047002070472020704710B50C46A5
:10FC50000121FFF7BFFE024628B9054B054840F2D7
:10FC60004511FFF701FB01234461036110BD00BF93
:10FC7000D03401086B3501082DE9F04FD1F8109010
:10FC8000D2F810A0D14585B08846144604DB53460F
:10FC90000C46CA4690469946A36861680AEB090675
:10FCA000B342B8BF0131FFF795FE30B90246454B6C
:10FCB00045484FF4B171FFF7D7FA00F1140505EB91
:10FCC00086072B460022BB421FD304F1140C08F117
:10FCD00014010CEB8A0301EB890202921A1B153AFC
:10FCE00022F0030215349C4288BF00220192029A3E
:10FCF00003918A420CD8002E03DD57F8043D002BF7
:10FD00005DD0066105B0BDE8F08F43F8042BDAE75B
:10FD1000B1F800A0BAF1000F24D0E046A9464FF098
:10FD2000000E58F8042BD9F800401FFA82FBA4B249
:10FD30000AFB0B444FEA124BD9F8002074444FEAF7
:10FD4000124E0AFB0BE202EB1442A4B244EA024454
:10FD5000434549F8044B4FEA124EE2D8019AAA18DB
:10FD6000C2F804E0039AB2F802800431B8F1000F3F
:10FD700023D02A68E6469146AA464FF0000BBEF80B
:10FD8000004008FB04B404EB194492B242EA044276
:10FD90004AF8042B5EF8042BDAF800904FEA124B75
:10FDA0001FFA89F208FB0B2202EB144273454FEA5B
:10FDB000124BE4D8019C2C196260043597E7013E90
:10FDC00099E700BFD03401086B3501082DE9F843ED
:10FDD000174612F0030280460D4607D0264C013A22
:10FDE000002354F82220FFF755FE0546BF103FD0F0
:10FDF000D8F81C4094B91020FEF76AF80446C8F8F9
:10FE00001C0030B902461D4B1D4840F2B311FFF7EC
:10FE10002BFA0023C0E901330360C360A66846B92A
:10FE200040F271214046FFF711FF0023A060064613
:10FE300003602C464FF0000907F001037F1053B117
:10FE4000294632464046FFF717FF21460546404601
:10FE5000FFF7FEFD67B1306838B93246314640469B
:10FE6000FFF70AFF3060C0F8009006462C46E3E733
:10FE70002846BDE8F88300BF7C460108EF3301083F
:10FE80006B3501082DE9F84F0C464968236903EBEF
:10FE90006218A368074615464FEA621A08F101097D
:10FEA0004B450BDB3846FFF795FD064648B9024641
:10FEB000294B2A484FF4EF71FFF7D6F901315B0067
:10FEC000EEE7002300F1140C00F11002194653452F
:10FED00035DB22692AEAEA7A0CEB8A0C04F1140376
:10FEE00015F01F0E614603EB82022CD0CEF1200AE2
:10FEF000002518688B4600FA0EF02843CBF8000066
:10FF000053F8045B9A4201F1040125FA0AF5F0D88E
:10FF1000131B153B23F0030304F115018A4238BF7C
:10FF200000239C44CCF8045005B9C1463846C6F8B5
:10FF300010902146FFF78CFD3046BDE8F88F42F85F
:10FF4000041F0133C3E753F8045B0D609A4201F1CB
:10FF50000401F8D8E9E700BFD03401086B35010887
:10FF60000A6903460069801A30B50ED11433143182
:10FF700003EB820401EB820154F8045D51F8042D77
:10FF8000954203D005D24FF0FF3030BDA342F3D3EA
:10FF9000FBE70120F9E700002DE9F74F8A46064606
:10FFA000114650461446FFF7DBFF051E12D12946C5
:10FFB0003046FFF70FFD024628B9414B40F237218A
:10FFC0004048FFF751F90123C0E90435104603B05A
:10FFD000BDE8F08FBCBF5346A2463046DAF80410A5
:10FFE000BABF1C4601250025FFF7F4FC024618B9EC
:10FFF000334B40F24521E3E7DAF810702669C5601B
:020000040801F1
:100000000AF1140904F1140E00F114050AF11003A9
:1000100009EB87080EEB86060193AB464FF0000C08
:10002000019B5EF8040B53F804AF01931FFA8AF3A7
:10003000194683B2CB1A000C6344C0EB1A4000EBA4
:1000400023409BB243EA004376454BF8043B4FEA1A
:10005000204CE5D8331B153B153423F00303A6428F
:1000600038BF0023E8184B441C1D04302646A5EB7E
:100070000905464506EB050E0ED308F10301091BE1
:1000800021F003010133984538BF0021014451F8A4
:10009000043D9BB1176199E756F8041BE2464FEA0D
:1000A00011491CFA81FC514409EB2C4989B241EAFF
:1000B00009414FEA294CCEF80010DAE7013FE6E7A4
:1000C000D03401086B35010882B08DED000B019A28
:1000D0000F4B1340A3F15073002B08DC5B42B3F1CC
:1000E000A07F4FEA235204DA4FF400231341002289
:1000F00008E0A2F114031E2BDABF4FF00042DA40F1
:10010000012200231946104641EC100B02B0704743
:100110000000F07F2DE9F041066900F1140808EBBA
:100120008606371F56F8042C1046FFF743FDC0F132
:1001300020030A280B601B4915DCC0F10B0C22FAC6
:100140000CF3B84543EA010534BF56F8083C0023D8
:10015000153002FA00F023FA0CF303431C4645EC79
:10016000104BBDE8F081B8453ABF56F8083CA6F1FF
:10017000080700230B3812D0C0F1200123FA01F444
:1001800082402243474542F07F558CBF57F8042CEC
:1001900000228340CA4045F440151343DEE742EA9B
:1001A0000105DBE70000F03F2DE9F7430F46012191
:1001B00059EC108B1646FFF70DFC044630B9024689
:1001C000234B244840F20F31FFF74EF8C9F30A558C
:1001D000C9F313030DB143F480130193B8F1000385
:1001E00023D068460093FFF704FD0099D8B1019A27
:1001F000C0F1200302FA03F30B43C2406361019292
:10020000019BA361002B0CBF012202222261A5B138
:10021000A5F2334505443D60C0F13500306020460D
:1002200003B0BDE8F0836161EAE701A8FFF7E1FCF4
:10023000019B636120300122E8E704EB8203A0F216
:10024000324038601869FFF7B5FCC0EB4210E5E7B3
:10025000D03401086B3501082DE9F04F85B0CDE9A8
:10026000001002A9FFF756FF009803A955EC104BA8
:10027000FFF750FF019B1969009B1B69C91ADDE953
:1002800002329B1A5BEC10AB03EB4113002BCEBF89
:100290002A46C3EB03335A462F46D946CCBF02EB5E
:1002A000035702EB03594B46524620463946F0F7B6
:1002B000BDFA41EC100B05B0BDE8F08F013970B507
:1002C00049111469013102F1140300EB810103EBC0
:1002D0008404051FA3420CD3A31A113B23F003038C
:1002E0001132944238BF002318440023884205D3BA
:1002F00070BD53F8046B45F8046FEBE740F8043B1E
:10030000F4E700F1140200694B11984210B511DBBB
:100310000ADD11F01F0107D052F8234024FA01F042
:1003200000FA01F18C420BD102EB8303934203D814
:10033000002010BD0346F7E753F8041D0029F5D04F
:100340000120F6E751F8043C181F002BBCBF0B58E6
:10035000C01870470346084641B1FF2A04D98A22D3
:100360001A604FF0FF3070470A70012070472DE986
:10037000F047164698468A680B69DDF8209093424C
:10038000B8BF1346336091F8432007460C460AB1C4
:10039000013333602368990642BF33680233336008
:1003A000256815F0060506D104F1190AE3683268DC
:1003B0009B1AAB4226DC94F843302268003B18BFFE
:1003C000012392062BD404F1430241463846C84724
:1003D00001301ED02368226903F00603042B02BFFC
:1003E000E5683368ED1AA3680CBF25EAE5750025BA
:1003F0009342C4BF9B1AED1800261A34B5421AD195
:10040000002008E00123524641463846C8470130E3
:1004100003D14FF0FF30BDE8F0870135C6E7E118A2
:100420005A1C302081F84300224494F8451082F889
:1004300043100233C7E70123224641463846C847E6
:100440000130E6D00136D9E72DE9FF470F7E0C9E3B
:10045000782F914680460C469A4601F1430207D810
:10046000622F0AD8002F00F0D280582F00F0B780FA
:1004700004F1420684F842703AE0A7F16303152BB9
:10048000F6D801A151F823F0E1040108F5040108B0
:100490007104010871040108710401087104010864
:1004A000F5040108710401087104010871040108D0
:1004B00071040108F50501081F050108AB050108D5
:1004C000710401087104010817060108710401088C
:1004D0001F0501087104010871040108B305010832
:1004E00033681A1D1B68326004F1420684F84230FA
:1004F00001239DE033682068191D3160060601D58F
:100500001D6803E04506FBD5B3F90050002D03DA62
:100510002D236D4284F8433059480A2310E02168A6
:100520003368080653F8045B02D4490648BFADB2ED
:100530006F2F5348336059D10823002184F84310AA
:100540006668A660002E05DB21682E4321F00401B9
:1005500021604DD01646B5FBF3F103FB1157C75D83
:1005600006F8017D2F46BB420D46F4D9082B0BD16E
:100570002368DF0708D5236961689942DEBF30230D
:1005800006F8013C06F1FF36921B2261CDF800A06F
:100590004B4603AA21464046FFF7E9FE01304CD105
:1005A0004FF0FF3004B0BDE8F087236843F020032C
:1005B00023603448782784F84570236831681F0623
:1005C00051F8045B02D45F0648BFADB23160D90771
:1005D00044BF43F0200323601DB11023ADE728483A
:1005E000E9E7236823F020032360F6E70A23A4E762
:1005F0001646BBE7336825686169181D30602E0612
:100600001B6801D5196002E06806FBD5198000233C
:1006100023611646BAE733681A1D32601E686268A5
:1006200000213046EFF7CCFD08B1801B60606368A5
:100630002361002384F84330A8E723693246494602
:100640004046D0470130ABD023689B0713D4E06805
:10065000039B9842B8BF1846A4E701233246494697
:100660004046D04701309BD00135E36803995B1ABF
:10067000AB42F2DCEBE7002504F11906F5E700BF19
:10068000EE350108FF350108B1F90C202DE9F041E4
:10069000160705460C4651D44B68002B02DC0B6C48
:1006A000002B49DDE66A002E46D0002312F480526A
:1006B0002F682B6031D0626DA389590705D5636817
:1006C000D21A636B0BB1236CD21A0023E66A216A3B
:1006D0002846B047421CB4F90C3006D129681D29C0
:1006E00046D8294ACA40D60742D500226260D904BA
:1006F0002269226004D5421C01D12B6803B96065D0
:10070000616B2F60C1B104F14403994202D02846C5
:10071000FEF7C8FD002363630EE0216A012328462B
:10072000B0470246501CC7D12B68002BC4D01D2BEC
:1007300001D0162B1AD12F6000201EE00F69002F68
:10074000FAD093070E6808BF4B690F6018BF0023EB
:10075000A6EB07088B60B8F1000FEDDD216AA66AF1
:1007600043463A462846B047002808DCB4F90C3026
:1007700043F04003A3814FF0FF30BDE8F081074410
:10078000A8EB0008E7E700BF0100402038B50B697F
:1007900005460C4613B90025284638BD18B1036A32
:1007A0000BB9FEF7DFFBB4F90C30002BF3D0626E0F
:1007B000D00704D4990502D4A06DFEF734FD284675
:1007C0002146FFF761FF636EDA070546E4D4A3898B
:1007D0009B05E1D4A06DFEF727FDDDE70EB403B560
:1007E000014603AB054853F8042B0068019300F061
:1007F0004BF802B05DF804EB03B07047A80200208C
:1008000008B5062000F012FA0120FBF70FF870B5CA
:10081000A1FB025434B92946FDF78CFB064628B9E2
:10082000304670BD0C2202600026F9E72A462146B8
:10083000FEF712FCF4E79368013B002B10B49360C1
:1008400008DA9469A34201DB0A2903D15DF8044B5D
:1008500000F032B91368581C1060197008465DF832
:10086000044B7047F8B506460F461446D518AC42FF
:1008700001D1002007E014F8011B3A463046FFF78B
:10088000DAFF431CF3D1F8BD2DE9F04F0D469DB0C2
:1008900014469846064618B1036A0BB9FEF762FB88
:1008A0006B6ED90705D4AB899A0502D4A86DFEF703
:1008B000BAFCAB891B0701D52B699BB92946304689
:1008C00000F038F970B16B6EDC0704D54FF0FF30E3
:1008D0001DB0BDE8F08FAB899805F7D4A86DFEF781
:1008E000A3FCF3E70023099320238DF82930CDF8EA
:1008F0000C803023DFF8AC818DF82A304FF00109ED
:1009000023469A4613F8012B0AB1252AF9D1BAEBEE
:10091000040B0BD05B46224629463046FFF7A2FF68
:10092000013000F0A780099A5A4409929AF80030E1
:10093000002B00F09F8000234FF0FF32CDE905230C
:100940000AF1010A049307938DF853301A93544621
:10095000052214F8011B5348EFF732FC049AD8B96A
:10096000D10644BF20238DF85330130744BF2B23F7
:100970008DF853309AF800302A2B15D0079A544638
:1009800000204FF00A0C214611F8013B303B092BA7
:100990004BD9B0B1079214E0A0EB080309FA03F3B6
:1009A00013430493A246D2E7039B191D1B680391CE
:1009B000002BBBBF5B4242F0020207930793B8BF14
:1009C000049223782E2B0AD163782A2B32D1039BF1
:1009D0001A1D1B68039243EAE37302340593DFF8A0
:1009E000D4A0217803225046EFF7EAFB38B1049BEC
:1009F000A0EB0A004022824013430134049314F810
:100A0000011B29488DF828100622EFF7D9FB002892
:100A10003FD0264B1BBB039B073323F00703083350
:100A20000393099B3B4409936AE70CFB02320C4693
:100A30000120A8E700230134059319464FF00A0C62
:100A4000204610F8012B303A092A03D9002BC6D0D2
:100A50000591C4E70CFB012104460123F0E703AB39
:100A600000932A46124B04A93046AFF30080074694
:100A7000781CD6D16B6ED90705D4AB899A0502D400
:100A8000A86DFEF7D1FBAB895B063FF51FAF099858
:100A90001EE703AB00932A46054B04A93046FFF737
:100AA000D3FCE4E7103601081A3601080000000004
:100AB0006508010816360108F8B50E4614460546C5
:100AC00018B1036A0BB9FEF74DFAA369A360A389B5
:100AD0001A0701D5236943B92146284600F02AF8B0
:100AE00018B14FF0FF373846F8BD23682269981ACD
:100AF0006369F6B28342374605DC21462846FFF794
:100B000045FE0028EDD1A368013BA36023685A1C71
:100B100022601E706269431C9A4204D0A389DB07DD
:100B2000E1D50A2EDFD121462846FFF72FFE002807
:100B3000D9D0D6E738B5284B054618680C4618B109
:100B4000036A0BB9FEF70EFAB4F90C301A0721D478
:100B5000D80607D409222A6043F04003A3814FF04E
:100B6000FF3030E0590712D5616B41B104F1440305
:100B7000994202D02846FEF795FB002363630022CA
:100B8000B4F90C3062602269226023F0240343F040
:100B90000803A38122693AB99A0501D5180603D53D
:100BA0002146284600F082F8B4F90C3013F0010217
:100BB0000AD00022A26062695242A261226942B94F
:100BC00013F08000C8D138BD990758BF6269A26090
:100BD000F4E70020F7E700BFA80200201F2938B57E
:100BE00005460C4604D9162303604FF0FF3038BD8C
:100BF000C26B12B152F821304BB9284600F030F8E0
:100C0000224601462846BDE8384000F017B8012BBF
:100C10000AD0591C03D1162303600120E7E7002105
:100C200042F82410204698470020E0E7024B014696
:100C30001868FFF7D3BF00BFA802002038B5074DE2
:100C400000230446084611462B60FAF7F1FD431CC9
:100C500002D12B6803B1236038BD00BF647B002044
:100C6000FAF7EEBD70B50C46B1F90E10002996B03A
:100C700015461E460ADAA18911F0800113D14FF4FE
:100C80008062002031602A6016B070BD6A4600F0B4
:100C900047F80028EFDB019901F47041A1F50053FA
:100CA00059425941EBE700214022EAE78B8973B5AD
:100CB0009E0705460C4607D504F1470323602361D0
:100CC0000123636102B070BD01AB6A46FFF7CAFF42
:100CD000009E28463146FDF72DF9B4F90C3038B99D
:100CE0009A05EFD423F0030343F00203A381E3E763
:100CF00043F08003A381019B2060C4E90406002B1C
:100D0000E0D0B4F90E10284600F01CF80028D9D025
:100D1000A38923F0030343F00103A381D2E700007A
:100D200038B5074D00230446084611462B60FAF7F4
:100D300072FD431C02D12B6803B1236038BD00BF94
:100D4000647B002038B5064D0023044608462B601E
:100D5000FAF766FD431C02D12B6803B1236038BD4E
:100D6000647B002000000000F8B52DED028B55ECEF
:100D7000114B57EC106B00F073F922462B462046BE
:100D80002946B0EE408AF0EE608AEFF7BFFE78B9F0
:100D90000022002330463946EFF786FEF0B10022EC
:100DA000002320462946EFF77FFE40B19FED288BB8
:100DB000B0EE480AF0EE680ABDEC028BF8BD45ECD7
:100DC000104B00F049F80028F2D000220023204602
:100DD0002946EFF773FE0028EAD02EE0B0EE480A6D
:100DE000F0EE680A00F038F8A0B151EC180B0022C0
:100DF0000023EFF759FE0028DAD047EC106B00F023
:100E00002BF80028D4D045EC104B00F025F8002832
:100E1000CED012E047EC106B00F01EF80028E4D0B2
:100E200045EC104B00F018F80028DED053EC182BDE
:100E300051EC180BEFF76AFE20B9FEF7C9F922232F
:100E40000360B5E7FEF7C4F921230360B0E700BFF4
:100E5000000000000000F03F82B08DED000B019813
:100E600040F0004000F58010C00F02B0704700BF96
:100E70002DE9F84F774955EC104BA94300F0AE80AF
:100E8000002D2A46234655DD2C1562D0C2F31302ED
:100E9000E107A4F2FF3742F4801203D4520002EBC0
:100EA000D3725B005200002602EBD3727F105B000E
:100EB0001624B4464FF400110CEB010090424FEAA7
:100EC000D3754FEA430303DC00EB010C121A0E4406
:100ED000013C05EB42024FEA5101EDD1A04620252D
:100EE0004FF000400AE043D0510001EBD371013DC7
:100EF0000A464FEA43034FEA500045D0624500EBF3
:100F0000080EF0DDBEF1000F0EEB00080CDBE14631
:100F1000A2EB0C019E4588BF01F1FF314900CC4690
:100F2000A3EB0E030444E0E7B8F1000FEFDB0CF194
:100F30000109EDE725F00041214346D0002D74D191
:100F4000D90A153A5B050029FAD0CE0214467DD4A1
:100F50000A4600215200D502084601F10101F9D5E7
:100F6000C1F1200523FA05F52A438B40241A8DE7A9
:100F70009E4502D94FEA4C01B7E7BEF1000F0EEBD8
:100F8000000824DB0021CBE7194312D0DFF8C8A00A
:100F9000DFF8C8B0DAE90001DBE90023EFF764F914
:100FA000DAE9008902460B4640464946EFF790FDD4
:100FB00010BB6508711001F17F5101F5001101EBC3
:100FC000075345EAC67243EC102BBDE8F88FB8F121
:100FD000000FD7DB0CF1010C0021A1E722462B46C4
:100FE00020462946EFF7F8FA22462B46EFF73EF95E
:100FF00041EC100BBDE8F88FB4F1FF3FDAE90001D6
:10100000DBE900231ED0EFF731F9DAE90089024667
:101010000B4640464946EFF751FDA8B1A31C04F129
:10102000020508BF01366D08C4E722462B4620465C
:101030002946EFF719F902460B46EFF7F7FB41ECAB
:10104000100BC2E70136B5E70134B2E74FF0FF30CD
:101050000A468BE70000F07F8047010878470108C7
:101060002DE9F04F5AEC119B2AF0004B59EA0B0086
:1010700055EC104B93B012D123196D4985F4002221
:1010800052419842914123D24A465346204629462E
:10109000EFF7ECF841EC100B13B0BDE8F08F654BA7
:1010A0008DED000A25F000429A422E46029214D994
:1010B000009B06F1404606F580161E43E4D14B46E0
:1010C000DB185B498AF4002252419E429141DBD3F6
:1010D0009FED550B13B0BDE8F08FD0464F4613D0AF
:1010E0009B45E5D8029B52D0002E15DB002F40F027
:1010F0008980514A934540F02384B8F1000FC0F233
:10110000188545EC104BC7E7002CBDD19345BBD8E3
:1011100000F02684029BE7E7484A934500F2AC833F
:10112000474A934500F2AD83002F40F0D583B8F1D4
:10113000804F00F00B8545EC104B049300F0CEFD82
:10114000009A049B002A38D0F20F013A52EA0701B4
:1011500065D0013F174300F08A839FED337B8DED0F
:10116000087BBBF1844F6FD9364B029A9B45344BB9
:1011700040F22C849A4200F21085B8F1000FC0F2C0
:101180001085002013B0BDE8F04F00F069BE002FBD
:101190008ED1029B009A03F1404303F58013134361
:1011A00096D0274B029A9A4240F29A84B8F1000FE7
:1011B000C0F220854AEC109B6EE71F4A26F04041A2
:1011C000914202D0029A002ABED1B8F1000FC0F2BB
:1011D0007D84002EBFF660AF029B03F1404A0AF502
:1011E000801A5AEA070A40F0BB8453EC102B1046D1
:1011F0001946EFF739F802460B46EFF717FB41ECBB
:10120000100B49E7002745EC104B049300F066FDF6
:10121000009A049B002AD0D0F20F013A99E72246A7
:101220002B46E4E7AFF30080000000000000F03F31
:101230000000F0FF0000F07F0000F03FFFFF3F43A1
:10124000FFFFEF3F0000F043D74A3240002A40F052
:101250003584D64B51EC100B0022EFF7BDF941EC71
:10126000100B10EE903A6FF034011A15A2F2FF3213
:1012700002EB0108CE4AC3F3130343F07F549342B9
:1012800044F4401440F30B84CA4A934240F37584FB
:101290009FEDAF7B8DED0A7B9FEDAF7B8DED067BE8
:1012A0009FEDAB7B8DED107B08F10108A4F5801458
:1012B000002553EC102B21461046DDE90623CDE92D
:1012C0000401EEF7D1FFDDE9062306460F46DDE90E
:1012D0000401EEF7CBFF02460B460020B649EFF7BC
:1012E000A5FA8C4683465A46634630463946CDE9D0
:1012F0000CBCEFF771F964100A460146CDE9021201
:1013000044F00054DDE902BC04F500235919002023
:1013100004460D464FF0000B6146584622462B46C8
:10132000CDE90EBCCDE90001EFF756F902460B46B8
:1013300030463946EEF798FFDDE9062306460F46AC
:1013400020462946EEF790FF02460B46DDE90401F0
:10135000EEF78AFFDDE90023EFF73EF902460B4680
:1013600030463946EEF780FFDDE90C23EFF734F91C
:10137000DDE90245CDE9040122462B4620462946F7
:10138000EFF72AF976A3D3E9002304460D46EFF7D9
:1013900023F975A3D3E90023EEF768FF22462B4615
:1013A000EFF71AF972A3D3E90023EEF75FFF2246A5
:1013B0002B46EFF711F970A3D3E90023EEF756FFA0
:1013C00022462B46EFF708F96DA3D3E90023EEF789
:1013D0004DFF22462B46EFF7FFF86BA3D3E900231E
:1013E000EEF744FF224606460F462B462046294686
:1013F000EFF7F2F802460B4630463946EFF7ECF8C5
:10140000DDE9006704460D463246DDE902013B4650
:10141000EEF72CFFDDE90423EFF7DEF822462B463A
:10142000EEF724FF324604460D463B463046394629
:10143000EFF7D2F8614B002206460F46EEF716FF93
:1014400022462B46CDE90645EEF710FFDDE90EBC3E
:101450000D465A46DDE900012B46CDE90CBCEFF7FD
:10146000BBF85C46CDE90001544B002220462946DA
:10147000EEF7FAFE32463B46EEF7F6FE02460B4624
:10148000DDE90601EEF7F0FEDDE90223EFF7A4F84F
:10149000224606460F462B46DDE90401EFF79CF88D
:1014A00002460B4630463946EEF7E0FE06460F464A
:1014B0003246DDE900013B46EEF7D8FEDDE90CBC23
:1014C00033A3D3E900235846CDE902BC0D46EFF71C
:1014D00083F85C46DDE90023CDE90001204629467A
:1014E000EEF7C2FE02460B4630463946EEF7BCFE2A
:1014F00029A3D3E90023EFF76FF802460B462046F5
:10150000294614461D4626A3D3E90023EFF764F8C5
:1015100002460B4620462946EEF7A8FEDDE91023D9
:10152000EEF7A4FE064640460F46EEF7EBFF3246C6
:1015300004460D463B46DDE90001EEF797FEDDE986
:101540000A23EEF793FE22462B46EEF78FFE37E096
:101550000000000000000000000000000000F03F5C
:10156000EF4E454A287ECA3F65DBC9934A86CD3F88
:1015700001411DA96074D13F4D268F515555D53F6E
:10158000FFAB6FDBB66DDB3F033333333333E33F06
:10159000000000E009C7EE3FFD033ADC09C7EE3F5B
:1015A000F5015B14E02F3EBE0000F07F00004043D9
:1015B0008E98030079B60B000000F03F0000084051
:1015C000DDE902BC224658462B46CDE90201EEF782
:1015D0004BFEDDE90A23EEF747FEDDE90023EEF7D7
:1015E00043FE02460B4630463946EEF73DFECDE956
:1015F00004010023CDE9009A0093DDE90067484625
:1016000032463B465146EEF72FFEDDE90223EEF768
:10161000E3FF4A4604460D465346DDE90401EEF772
:10162000DBFF02460B4620462946EEF71FFE3246F8
:1016300004460D463B46DDE90201CDE90245EEF7E1
:10164000CBFF06460F46204629463B463246EEF77C
:101650000DFED94B994204460D46884640F3508111
:1016600001F13F4303F5E003034340F0A882BEA32A
:10167000D3E90023DDE90201EEF7F8FD02460B464F
:101680002046294614461D4632463B46EEF7ECFD01
:1016900002460B4620462946EFF72EFA002840F076
:1016A0008E824FF400734344C3F30A52C34CA2F238
:1016B000FF321441C3F3130AC2F11402002004EAFA
:1016C00003014AF4801A4AFA02FA0B460246B8F1BC
:1016D000000F30463946B8BFCAF1000AEEF7C4FD24
:1016E00002460B4606460F46DDE90201EEF7BEFD57
:1016F0004FEA0A5B0D4600249DA3D3E90023204650
:101700002946EEF769FF3246804689463B46204629
:101710002946EEF7A9FD02460B46DDE90201EEF788
:10172000A3FD95A3D3E90023EEF756FF02460B462F
:101730002046294614461D4691A3D3E90023EEF71F
:101740004BFF02460B4620462946EEF78FFD064624
:101750000F4632463B4640464946EEF787FD424635
:101760004B4604460D46EEF77FFD02460B463046DB
:101770003946EEF779FD2246804689462B462046BB
:101780002946EEF729FF80A3D3E9002306460F463A
:10179000EEF722FF7EA3D3E90023EEF765FD324684
:1017A0003B46EEF719FF7CA3D3E90023EEF75EFD7D
:1017B00032463B46EEF710FF79A3D3E90023EEF75C
:1017C00053FD32463B46EEF707FF77A3D3E90023EC
:1017D000EEF74CFD32463B46EEF7FEFE02460B4668
:1017E00020462946EEF740FD06460F4632463B4668
:1017F00020462946EEF7F0FE02460B4630463946B3
:1018000016461F4600224FF08043EEF72DFD02469C
:101810000B4630463946EFF709F8424606460F4672
:101820004B4620462946EEF7D7FE42464B46EEF79A
:101830001DFD02460B4630463946EEF715FD2246A1
:101840002B46EEF711FD0B4602465D490020EEF7F0
:101850000BFD0B465B44B3F5801FC0F2A88119460F
:10186000DDE90823EEF7B8FE41EC100B14E49FED20
:10187000507B8DED087B74E4002F00F0B8810227C7
:10188000C1E44FEA2B52A2F2FF32142A40F3368110
:10189000C2F1340227FA02F101FA02F2BA4200F070
:1018A000BA81CFB9B8F1804F049300F04F8145EC75
:1018B000104B00F013FA009B002B7FF4B0AC404AB1
:1018C00026F04041914200F0CD81029A049B002A0B
:1018D00000F0F780002737E445EC104B049300F04C
:1018E000FDF9009B002B7FF49AAC354A26F040416D
:1018F0009142EAD1B8F1000FC0F2A98100276BE450
:10190000DFF8C4C021F00043634540F209812D4B4C
:101910000B4403430AD132463B46EEF7A5FCDDE912
:101920000223EFF7DFF800283FF4BBAEDDE9080142
:1019300000220023EFF7C2F8003818BF012021E48D
:10194000B8F1804F00F00281A2F5801290457FF43B
:10195000F2AB45EC104B13B0BDE8F04FFFF788BA7F
:10196000002F7FF491AB1CE4FE822B654715973C5A
:1019700000000000432EE63FEF39FAFE422EE63F1C
:10198000396CA80C615C20BED0A4BE726937663E7B
:10199000F16BD2C541BDBB3E2CDE25AF6A56113F6F
:1019A00093BDBE166CC1663F3E5555555555C53F56
:1019B000000000000000F0BFFFFF8F400000F0FFBC
:1019C0000000F03F00346F3FFFCB90409A42C0F0E0
:1019D0000081029ABE4B9A424FF0000200F20E8143
:1019E00051EC100BBA4BEEF73FFCA7A3D3E9002351
:1019F00004460D46EEF7F0FDA5A3D3E90023064605
:101A00000F4620462946EEF7E7FDB24BCDE900012F
:101A1000002220462946EEF7DFFD02460B469EA136
:101A2000D1E90001EEF720FC22462B46EEF7D4FD6B
:101A300002460B460020A849EEF716FC2246CDE9E7
:101A400002012B4620462946EEF7C6FD02460B460C
:101A5000DDE90201EEF7C0FD91A3D3E90023EEF723
:101A6000BBFD02460B46DDE90001EEF7FDFB044637
:101A70000D4622462B4630463946EEF7F7FB00204E
:101A800032463B46CDE90201EEF7EEFB02460B463D
:101A900020462946EEF7E8FBCDE90401A9E59FEDD4
:101AA000827B8DED0A7B9FED827B8DED067B9DED2C
:101AB0000A7B00258DED107BFFF7FBBB0021FFF7B4
:101AC000D4BBB8F1000FBFF619AF002753EC102BB1
:101AD0007F490020EEF7AAFE41EC100BFFF779BB1F
:101AE000B8F1000F9FED700BBFF6D6AA0AF10043C4
:101AF00000EE109A00EE903AFFF7CEBA002F7FF476
:101B0000EBAEC2F114024BFA02F101FA02F25A45AD
:101B10006F4A00F0888093453FF4EFAAFFF707BBB8
:101B20006D4A934200F28B80DDE900239346924692
:101B3000E1E56749002022462B46EEF777FE41ECAF
:101B4000100BFFF7A9BAB8F1804F50D122462B46AF
:101B500020462946EEF740FD41EC100BFFF79CBAFA
:101B6000012F7FF499AA10EE901A10EE102A01F1BD
:101B7000004343EC102BFFF78FBA9FED4F7B8DEDA9
:101B80000A7B9FED4F7B8DED107B9FED4F7B4FF4DC
:101B900080258DED067BFFF78CBBB8F1000F7FF73A
:101BA000F0AA002013B0BDE8F04F00F061B941EC9D
:101BB000100B504600F09CF851EC100B50E6DDE99C
:101BC000080100220023EEF779FF003818BF01203A
:101BD000E8E7DDE9080100220023EEF76FFF003897
:101BE00018BF0120B8F1000FBFF6CCAADAE7022730
:101BF000FFF7A1BA9FED2C0BFFF74EBADDE9080104
:101C00000023EEF75BFF003818BF0120B8F1000F8A
:101C1000C8DCFFF7B7BA002F95D001F00101C1F180
:101C20000207FFF7F0BA93453FF467AAB8F1804F77
:101C30008CD001F00101C1F10207FFF77CBA1B153E
:101C4000A3F2FE334FF4801242FA03F32BE553EC78
:101C5000102B1F490020EEF7E9FD009F41EC100B0F
:101C6000FFF7BABAB8F1000FBFF648AE53EC102B2D
:101C700017490020EEF7DAFD002741EC100BFFF7C3
:101C8000ABBA00BFAFF30080000000604715F73F1C
:101C900044DF5DF80BAE543E555555555555D53F6F
:101CA000FE822B654715F73F000000000000000092
:101CB000000000000000F03F0000004003B8E23FD9
:101CC00006D0CF43EBFD4C3E000000000000F83F83
:101CD0000000F03F0000D03F0000E03F51EC100B4F
:101CE000024621F0004343EC102B70470000000037
:101CF00070B555EC104BC5F30A5206462B4672BB25
:101D000025F00043234329D03B4B2046294600229F
:101D1000EEF762FC394B9E4204460D4652DBC1F39E
:101D20000A520B46363A4CF250318E4223DC1644AE
:101D300040F2FE7296421EDC002E34DC16F1350FA6
:101D400038DB6FF31E53363643EA065520462C4BDC
:101D500029460022EEF740FC41EC100B70BD40F22A
:101D6000FF718A42DFD1224620462946EEF77EFAED
:101D700041EC100B70BD002D17A1D1E9000107DB6C
:101D800015A3D3E90023EEF727FC41EC100B70BD3F
:101D900013A1D1E9000110A3D3E90023EEF71CFC45
:101DA00041EC100BF3E76FF31E5343EA065545EC85
:101DB000104B70BD002D0CA1D1E9000102DA0CA17D
:101DC000D1E9000108A3D3E90023EEF705FC41ECBB
:101DD000100B70BDAFF300809C7500883CE4377E2B
:101DE0009C7500883CE437FE59F3F8C21F6EA501CC
:101DF00059F3F8C21F6EA58100005043B03CFFFFAD
:101E00000000903C10B52DED028BB0EE408AF0EE54
:101E1000608A0446FDF7DCF9B0EE480AF0EE680A85
:101E2000BDEC028B046010BD00B5034683B051ECDD
:101E3000100B83B1024601F10043CDE90023DDE937
:101E40000023EEF7C9FB41EC100B222003B05DF834
:101E500004EBFFF7D7BF02460B46EEE70000000099
:101E60009FED010BFFF7E0BF000000000000001035
:101E70009FED010BFFF7D8BF0000000000000070CD
:101E800038B50022002304460D46EEF717FE28B9A8
:101E900020462946BDE8384000F00AB8204605F142
:101EA000004100F005F8404261EB410138BD00BF40
:101EB000D0B50C4B002206460F46EEF78DFBEEF731
:101EC0003BFE0446EEF70EFB074B0022EEF784FBC9
:101ED00002460B4630463946EEF7C6F9EEF72CFEC1
:101EE0002146D0BD0000F03D0000F0412DE9F04753
:101EF000089D0F4604468C46002B48D18A42164660
:101F000061D9B2FA82F34BB1C3F1200201FA03FCAA
:101F100020FA02F29E4042EA0C0C9C404FEA164E18
:101F2000B7B2BCFBFEF1220C0EFB11CC42EA0C4214
:101F300001FB07F0904209D9B21801F1FF3C80F093
:101F4000EE80904240F2EB8002393244121AA4B281
:101F5000B2FBFEF00EFB102244EA024400FB07F73E
:101F6000A74209D9341900F1FF3280F0DA80A74284
:101F700040F2D7803444023840EA0140E41B00219B
:101F80001DB1DC400023C5E90043BDE8F0878B426A
:101F900006D90DB1C5E9000100210846BDE8F0876A
:101FA000B3FA83F1002948D1BB4202D3824200F246
:101FB0000781841A67EB030201209446002DE4D0C8
:101FC000C5E9004CE1E7002A00F09280B2FA82F302
:101FD000002B40F0A8808A1A4FEA164E1FFA86FCA2
:101FE0000121200CB2FBFEF70EFB172240EA024251
:101FF0000CFB07F0904207D9B21807F1FF3802D264
:10200000904200F2E2804746121AA4B2B2FBFEF000
:102010000EFB102244EA02440CFB00FCA44507D945
:10202000341900F1FF3202D2A44500F2CB801046F1
:10203000A4EB0C0440EA0740A2E7C1F120068B4064
:1020400022FA06FC4CEA030C07FA01F420FA06F324
:10205000F7404FEA1C49234300FA01F81FFA8CFEAF
:10206000B7FBF9F01C0C09FB107744EA074400FBAE
:102070000EF7A74202FA01F20AD91CEB040400F1A0
:10208000FF3A80F09B80A74240F298800238644477
:10209000E41B9FB2B4FBF9F309FB134447EA044481
:1020A00003FB0EFEA64509D91CEB040403F1FF3720
:1020B00080F08280A6457FD9023B644443EA004019
:1020C000A4EB0E04A0FB02E7BC427346B94663D3FF
:1020D00060D05DB1B8EB030264EB090404FA06F6C4
:1020E00022FA01F31E43CC40C5E9006400214CE70D
:1020F0006208480842EAC1710B0C43EA00438AB205
:1021000042EA0342B3FBF6F1E407B4463746B6466B
:102110001F23B0FBF6F0D21B41EA004161E76146A4
:1021200014E7104628E7C3F1200120FA01F29E408F
:1021300027FA01F19F403A434FEA164E1FFA86FCF8
:10214000B1FBFEF70EFB1710110C41EA004107FB33
:102150000CF8884504FA03F43AD9711807F1FF30F6
:1021600001D288451FD8A1EB0801B1FBFEF808FB9E
:102170000CF70EFB181192B242EA0142BA422FD27A
:10218000B21808F1FF31C6D2BA42C4D2A8F1020196
:102190003244C0E7F0459CD2BEEB020367EB0C076C
:1021A0000138B94695E7A6EB08084144B81EB1FBD3
:1021B000FEF808FB0CF7DCE73B467FE7504667E795
:1021C0000846FBE63444023832E7023F32441BE75C
:1021D000A1EB08013846B1FBFEF808FB0CF7C8E795
:1021E000414698E708B5FEF70BFB0000F8B500BFC5
:1021F000F8BC08BC9E467047F8B500BFF8BC08BCE8
:042200009E4670473F
:10220800B56206242400FFFF020300000000102727
:1022180000000500FA00FA0064002C01000000002C
:10222800102700000000000000004953556E726539
:10223800636F676E697A656420636F6D6D616E6444
:10224800203C003E0054797065203C483E20666F73
:1022580072206C697374206F662076616C696420E3
:10226800636F6D6D616E647300475053444F002077
:102278002D200076302E3036630020627920004110
:102288006E6472C3A92042616C73610053776974EC
:102298006368696E6720746F207265706F72746905
:1022A8006E6720696E205461622044656C696D69AF
:1022B80074656420466F726D617400537769746346
:1022C80068696E6720746F207265706F7274696ECA
:1022D8006720696E2048756D616E20526561646182
:1022E800626C6520466F726D617400537769746320
:1022F80068696E6720746F204469736369706C69DC
:102308006E6564204D6F646500537769746368690E
:102318006E6720746F20486F6C646F766572204D0D
:102328006F64650052696E672062756666657273D0
:1023380020666C75736865640041726D696E67200C
:102348007069634449562C2073796E6368726F6EA6
:10235800697A6174696F6E2077696C6C2074616B3F
:102368006520706C616365206174206E65787420E7
:102378005050532070756C73652066726F6D2047DE
:102388005053207265636569766572004175746F94
:102398002D63616C6962726174696F6E2073657117
:1023A80075656E6365207374617274656400537734
:1023B80069746368696E6720746F205553422053AF
:1023C800657269616C203C2D3E204750532074751E
:1023D8006E6E656C206D6F646500436F6D6D616E28
:1023E800647320696D706C656D656E7465643A0020
:1023F800092D2056203A2072657475726E7320700C
:10240800726F6772616D206E616D652C20766572E2
:1024180073696F6E20616E6420617574686F7200F5
:10242800092D2048203A206C69737420616C6C2057
:1024380074686520636F6D6D616E647320616E648E
:1024480020746865697220706172616D6574657267
:102458007320696620616E7900092D2046203A2094
:10246800666C7573682072696E672062756666654A
:10247800727300092D2043203A2063616C696272EF
:10248800617465204F43584F00092D2064702F75E3
:102498007020312F3130203A2061646A75737420BE
:1024A8005663746C20646F776E2F75702050574D8B
:1024B8002066696E652F636F617273652C2065787D
:1024C800616D706C6520647031206D65616E73207C
:1024D80064656372656173652050574D2062792089
:1024E8003100092D205350203C6E756D6265723E97
:1024F800203A207365742050574D20746F20766100
:102508006C7565206265747765656E203120616E33
:102518006420363535333500092D2052442F524872
:10252800203A20746F67676C65206265747765650B
:102538006E207461622044656C696D6974656420FD
:10254800616E642048756D616E20726561646162B8
:102558006C6520475053444F207374617475732021
:102568007265706F7274696E6700092D2045532F6C
:1025780045522F4545203A20454550524F4D20534E
:102588006176652C20454550524F4D205265636158
:102598006C6C2C20454550524F4D20457261736537
:1025A80000092D204D482F4D44203A204D6F646579
:1025B80020486F6C646F76657220284F43584F200F
:1025C8006973206E6F7420226469736369706C6923
:1025D8006E65642220627920475053292C204D6F64
:1025E8006465204469736369706C696E6564000989
:1025F8002D20504F203C666C6F61742076616C759D
:10260800653E203A205072657373757265204F6677
:1026180066736574202D2063616C696272617465EC
:102628002061746D6F73706865726963207072657C
:10263800737375726520616E6420616C746974755A
:1026480064652073656E736F7200092D20414F20F9
:102658003C666C6F61742076616C75653E203A202B
:10266800416C746974756465204F6666736574207F
:102678002D2063616C6962726174652061746D6F8D
:1026880073706865726963207072657373757265BB
:1026980020616E6420616C7469747564652073656B
:1026A8006E736F7200092D204150203A2061726DBF
:1026B80020616E642073796E6320706963444956A3
:1026C80000092D20544F203C6E756D6265723E3AAC
:1026D800207365742055544320746F206C6F6361B8
:1026E8006C2074696D65206F66667365742C206252
:1026F80065747765656E202D323320616E642032F3
:102708003320286F6E6C7920666F7220544D3136F5
:10271800333720636C6F636B20646973706C617905
:102728002900092D204C41203C302D393E3A207398
:102738007769746368657320746F204C6F6F7020BD
:10274800416C676F726974686D203020746F20392E
:102758000009004E6F205072657373757265204FC3
:1027680066667365742076616C7565207370656341
:1027780069666965642C2063757272656E7420766B
:10278800616C7565206973200053657474696E67A0
:10279800205072657373757265204F666673657431
:1027A8002076616C7565200053706563696669659C
:1027B80064205072657373757265204F6666736521
:1027C8007420696E76616C69642C206C6561766929
:1027D8006E6720756E6368616E676564004E6F2072
:1027E800416C746974756465204F666673657420FE
:1027F80076616C7565207370656369666965642CBC
:102808002063757272656E742076616C75652069D7
:1028180073200053657474696E6720416C74697421
:10282800756465204F66667365742076616C75659E
:10283800200053706563696669656420416C74693A
:1028480074756465204F666673657420696E766179
:102858006C69642C206C656176696E6720756E639F
:1028680068616E676564004E6F2055544320746F2D
:10287800206C6F63616C2054696D65204F666673C8
:1028880065742076616C7565207370656369666927
:1028980065642C2063757272656E742076616C7540
:1028A80065206973200053657474696E67205554F8
:1028B8004320746F206C6F63616C2054696D6520D0
:1028C8004F66667365742076616C75652000537079
:1028D800656369666965642055544320746F206C8C
:1028E8006F63616C2054696D65204F66667365740B
:1028F80020696E76616C69642C206C656176696EFE
:102908006720756E6368616E67656400696E6372DF
:1029180065617365642050574D20312062697400E9
:10292800696E637265617365642050574D2031305C
:1029380020626974730064656372656173656420FD
:1029480050574D2031206269740064656372656177
:102958007365642050574D203130206269747300CC
:102968004E6F2050574D2076616C756520737065E9
:102978006369666965642C207573696E6720646590
:102988006661756C740053657474696E672050577E
:102998004D2076616C7565200050574D2076616C2E
:1029A8007565206D75737420626520706F73697426
:1029B80069766520696E74656765722062657477EB
:1029C80065656E203120616E642036353533352CCF
:1029D800206C656176696E6720756E6368616E67E5
:1029E8006564004E6F204C6F6F7020416C676F728A
:1029F8006974686D207370656369666965642C2005
:102A080063757272656E7420616C676F7269746841
:102A18006D206973206E756D626572200053657450
:102A280074696E6720416374697665204C6F6F70B6
:102A380020416C676F726974686D20746F206E75C1
:102A48006D6265722000537065636966696564200C
:102A58004C6F6F7020416C676F726974686D206E7F
:102A6800756D62657220696E76616C69642C206C84
:102A7800656176696E6720756E6368616E67656407
:102A880000506C6561736520776169742C207361EF
:102A980076696E672050574D204441432076616C1B
:102AA800756520746F20454550524F4D202D20727A
:102AB800696E67206275666665722077696C6C203E
:102AC800626520666C757368656400506C65617337
:102AD8006520776169742C2065726173696E67205F
:102AE800454550524F4D202D2072696E6720627502
:102AF800666665722077696C6C20626520666C7505
:102B0800736865640052656164696E672050574D4B
:102B1800204441432076616C75652066726F6D2094
:102B2800454550524F4D00454550524F4D20646F1A
:102B38006573206E6F7420686176652076616C69B4
:102B480064207369676E61747572652C2063616EA9
:102B58006E6F7420726561642050574D2044414364
:102B68002076616C7565004F43584F207761726D10
:102B7800696E6720757000506C65617365207761B8
:102B88006974004F43584F205761726D696E672012
:102B980075702C2000732072656D61696E696E67AF
:102BA8000043616C6962726174696E672E2E2E0033
:102BB8004D656173757265206672657175656E63C2
:102BC8007920666F72205663746C3D312E3556003D
:102BD8005365742050574D205663746C20746F20D1
:102BE800312E35562C2077616974200066312028F3
:102BF80061766572616765206672657175656E6379
:102C08007920666F72205663746C3D312E355629D3
:102C18003A200020487A004D656173757265206618
:102C280072657175656E637920666F72205663747C
:102C38006C3D322E3556005365742050574D205642
:102C480063746C20746F20322E35562C207761699E
:102C58007420006632202861766572616765206697
:102C680072657175656E637920666F7220322E35D4
:102C780056205663746C293A200043616C63756C66
:102C8800617465642050574D3A200043616C696255
:102C9800726174696F6E20646F6E652E002F005527
:102CA8007074696D653A20004E657720475053204F
:102CB8004669783A20004C61743A2000204C6F6EC7
:102CC8003A200020416C743A2000536174733A2012
:102CD800002048444F503A20005554432054696D11
:102CE800653A200020446174653A2000566F6C7480
:102CF800616765733A20005663746C50574D3A20EB
:102D080000202050574D3A200020204F43584F2094
:102D18006469736369706C696E696E673A204F46BF
:102D2800462028486F6C646F766572204D6F646525
:102D3800290020204F43584F206469736369706CE1
:102D4800696E696E673A2041435449564500202010
:102D58005472656E643A20005663633A20005664E4
:102D6800643A20004F43584F20766F6C7461676552
:102D78003A20004F43584F2063757272656E743A5B
:102D880020006D41005670686173653A20004672F4
:102D9800657175656E6379206D6561737572656DB2
:102DA800656E74733A0036342D62697420436F750A
:102DB8006E7465723A20004672657175656E637946
:102DC8003A2000204D487A002020202031307320FE
:102DD8004672657175656E6379204176673A2000A1
:102DE800204E2F410020202031303073204672655C
:102DF8007175656E6379204176673A200020312C21
:102E080030303073204672657175656E6379204184
:102E180076673A200031302C3030307320467265A6
:102E28007175656E6379204176673A200032302CDF
:102E380030303073204672657175656E6379204154
:102E480076673A2000424D503238302054656D7014
:102E580065726174757265203D2000202A43005018
:102E680072657373757265203D200020685061009B
:102E7800417070726F7820616C7469747564652034
:102E88003D2000206D0041485431302054656D705C
:102E9800657261747572653A200048756D69646978
:102EA80074793A20002520724800462000487A208C
:102EB80000487A202000487A20202020006D202019
:102EC800005361747320005570200041500052482F
:102ED800005244004D48004D44005350004C4100FE
:102EE8007570310075703130006470310064703174
:102EF8003000455300455200454500504F00414FB2
:102F080000544F00202A2052656164696E67204191
:102F1800434B20726573706F6E73653A20002028EA
:102F28005355434345535321290020284641494CD2
:102F3800454421290053657474696E6720752D42D4
:102F48006C6F78204D3820726563656976657220EC
:102F58006E617669676174696F6E206D6F64652054
:102F6800746F2073746174696F6E6172793A2000AE
:102F780055425820636F6D6D616E642073656E7481
:102F88002C2077616974696E6720666F72205542DC
:102F9800582041434B2E2E2E2000537563636573D2
:102FA800733A205542582041434B20726563656946
:102FB8007665642120004F6F70732C20736F6D65E8
:102FC8007468696E672077656E742077726F6E67B4
:102FD80020686572652E2E2E2000456E7465726914
:102FE8006E672074756E6E656C206D6F64652E2E2D
:102FF8002E0054756E6E656C206D6F646520657863
:10300800697465642E004669782074696D652000CE
:103018006D7300576169742066697820005761698B
:1030280074696E6720666F7220475053204669782E
:10303800200053544D3332207369676E6174757282
:103048006520666F756E6420696E20666C617368B2
:103058002C207573696E672073746F7265642050D5
:10306800574D204441432076616C75650053544D9B
:103078003332207369676E6174757265206E6F7480
:1030880020666F756E6420696E20666C61736800D7
:1030980032487A20696E7465727275707420636F35
:1030A8006E666967757265640053657269616C2044
:1030B800696E746572666163657320636F6E6669B5
:1030C800677572656400436F6D6D616E647320701F
:1030D800617273657220636F6E6669677572656485
:1030E80000544D3136333720342D646967697420B4
:1030F8004C454420636C6F636B20646973706C612A
:103108007920636F6E66696775726564004750530E
:1031180020636865636B65722070726F6772616D9A
:1031280020737461727465640053656E64696E67B8
:1031380020245055425820636F6D6D616E64732072
:10314800746F204750530024505542582C34302C6B
:103158005654472C302C302C302C302C302C302A24
:1031680035450D0A0024505542582C34312C312C49
:10317800303030332C303030332C33383430302C3E
:10318800302A32340D0A004E6F772073656E6469F9
:103198006E672055425820636F6D6D616E647320B1
:1031A800746F2047505300752D626C6F782047501C
:1031B80053206D6F64756C6520636F6E6669677503
:1031C8007265640054657374696E6720666F722057
:1031D80070726573656E6365206F6620414854316F
:1031E80030206F722041485432302053656E736F1F
:1031F80072206F6E204932432062757300436F75E9
:103208006C64206E6F742066696E64204148543186
:1032180030206F722041485432302073656E736FCE
:10322800722C20636865636B20776972696E67002A
:1032380041485458302073656E736F7220636F6E07
:1032480066696775726564004F4C4544206469730C
:10325800706C617920636F6E66696775726564006A
:10326800436F756C64206E6F742066696E642049C4
:103278004E413231392073656E736F722C2063684A
:1032880065636B20776972696E6700494E41323118
:10329800392073656E736F7220636F6E6669677528
:1032A8007265640031362D6269742050574D204490
:1032B800414320636F6E6669677572656400546583
:1032C8007374696E6720666F722070726573656EBD
:1032D8006365206F6620424D503238302053656E4A
:1032E800736F72206F6E20493243206275730043FA
:1032F8006F756C64206E6F742066696E6420424D31
:10330800503238302073656E736F722C2063686595
:10331800636B20776972696E6700424D50323830AE
:103328002073656E736F7220636F6E66696775725E
:10333800656400454550524F4D207369676E61744E
:103348007572652064657465637465642C20736B9D
:10335800697070696E672063616C69627261746913
:103368006F6E004E6F20454550524F4D2073696770
:103378006E617475726500475053444F20537461F1
:103388007274696E67002076662D002075662D00C0
:103398002076662B002075662B0020632D200020E8
:1033A800662D200020632B200020662B200020683B
:1033B800697400504E41424C00524D43004747410A
:1033C8000041485478305F480041485478305F5491
:1033D80000AC3300424D50323830006E616E0069E7
:1033E8006E66006F7666005245454E54206D616CDE
:1033F8006C6F6320737563636565646564002F5F34
:103408005F772F61726D2D6E6F6E652D65616269D4
:103418002D6763632D787061636B2F61726D2D6EFC
:103428006F6E652D656162692D6763632D787061C4
:10343800636B2F6275696C642D6173736574732F88
:103448006275696C642F6C696E75782D7836342FC7
:10345800736F75726365732F6E65776C69622D6320
:10346800796777696E2F6E65776C69622F6C696210
:10347800632F7374646C69622F72616E642E6300CB
:10348800696E69747900504F534958002C2066754D
:103498006E6374696F6E3A20006173736572746944
:1034A8006F6E2022257322206661696C65643A205C
:1034B80066696C6520222573222C206C696E652054
:1034C8002564257325730A0042616C6C6F63207351
:1034D8007563636565646564002F5F5F772F61724C
:1034E8006D2D6E6F6E652D656162692D6763632D45
:1034F800787061636B2F61726D2D6E6F6E652D65CF
:103508006162692D6763632D787061636B2F6275E3
:10351800696C642D6173736574732F6275696C646B
:103528002F6C696E75782D7836342F736F757263CA
:1035380065732F6E65776C69622D63796777696E3D
:103548002F6E65776C69622F6C6962632F73746480
:103558006C69622F6764746F612D6765746865783C
:103568002E63002F5F5F772F61726D2D6E6F6E6512
:103578002D656162692D6763632D787061636B2FB8
:1035880061726D2D6E6F6E652D656162692D676361
:10359800632D787061636B2F6275696C642D61733C
:1035A800736574732F6275696C642F6C696E7578B6
:1035B8002D7836342F736F75726365732F6E657748
:1035C8006C69622D63796777696E2F6E65776C69B0
:1035D800622F6C6962632F7374646C69622F6D70FB
:1035E8007265632E630030313233343536373839FB
:1035F800414243444546003031323334353637385A
:103608003961626364656600232D302B2000686C85
:103618004C00656667454647000000000000000052
:10362800000000003B6B00084F0F0008490F00081E
:103638004D0F00085C5C5C5C4040404000000000AE
:1036480000000000E74E0008294F0008490F000855
:103658007F500008894C0008914C0008AB4C0008CA
:10366800DDD80008FFD800080000000000000000B6
:10367800AD570008BD570008A9570008C55A0008EB
:10368800CD5700080000000000000000AB570008FC
:10369800AF570008A9570008D35A0008095800086E
:1036A8003F065B4F666D7D077F6F777C395E79716A
:1036B8000001140A6464323200127A000004289669
:1036C80010080000800040001815A015C019FF1848
:1036D80015A115C819FF1815AE19FF1815AF19FF50
:1036E8001815AE15D5168015A8163F15D316001552
:1036F80040158D16141520160015A115C815DA16D3
:1037080012158116CF15D916F115DB1640152E1591
:10371800A415A619FF207F01010000000000000089
:10372800000000005E000000000000060000060027
:103738000000247E24247E240000246B2A2A6B1295
:1037480000004626100864620000344A4A5420509B
:103758000000000000060000000000003C420000DD
:1037680000000000423C000000002A1C3E1C2A0009
:10377800000008083E080800000000403000000073
:1037880000000808080808080000000040000000C1
:10379800000040201008040200003C62524A463CE7
:1037A800000040447E404000000064525252524C97
:1037B800000024424A4A4A340000382422227E204B
:1037C80000002E4A4A4A4A3200003C4A4A4A4A30D5
:1037D8000000020262120A060000344A4A4A4A34C9
:1037E80000000C525252523C00000000240000001D
:1037F800000000402400000000000008142200001F
:1038080000001414141414140000000022140800FA
:1038180000000402520A0400000018245A5A24180E
:1038280000007C121212127C00007E4A4A4A4A3476
:1038380000003C424242422400007E424242423C56
:1038480000007E4A4A4A424200007E0A0A0A0202F0
:1038580000003C424252523400007E080808087EAC
:10386800000000427E420000000020404040403EF0
:1038780000007E080808146200007E404040404076
:1038880000007E040808047E00007E040810207EE4
:1038980000003C424242423C00007E121212120CCE
:1038A80000003C425262423C00007E121212324C2E
:1038B8000000244A4A4A4A30000002027E020200FE
:1038C80000003E404040403E00001E204040201E78
:1038D80000007E201010207E000042241818244288
:1038E800000002047804020000004262524A464284
:1038F8000000007E42420000000002040810204040
:103908000000000042427E000000000004020400A3
:103918000080808080808080800000000204000099
:10392800000020545454780000007E484848300075
:1039380000003844444428000000304848487E00CD
:103948000000385454544800000000087C0A020063
:10395800000018A4A4A47C0000007E0808087000D9
:10396800000000487A4000000000408080887A000B
:1039780000007E1010284400000000427E40000035
:1039880000007C047804780000007C0404047800BB
:1039980000003844444438000000FC4444443800E3
:1039A800000038444444FC0000007C08040404007F
:1039B8000000485454542400000000043E44000011
:1039C80000003C4040207C0000001C2040201C00DF
:1039D80000001C601C601C000000442810284400E3
:1039E80000001CA0A0A07C0000004464544C4400CB
:1039F800000000083641000000000000FF00000041
:103A080000000041360800000008040408101008EF
:103A1800000000000000000000000000000000009E
:103A2800000000004F72000853720008A9570008F0
:103A38005D760008717200080000000000000000B8
:103A48005172000861720008A9570008257800081B
:103A5800B9720008020104030204081004004000BF
:103A68000004000001000000020000000400000043
:103A780008000000100000002000000040000000C6
:103A880080000000000100000002000000040000A7
:103A980000080000001000000020000000400000A6
:103AA8000080000000000000010203040000000084
:103AB80000000000010203040607080904000000D2
:103AC800003001401205000004010000003C0040E5
:103AD800120600000F00000000300140120500002F
:103AE8000F010000003C0040120600001900000011
:103AF80000380040120500001C000000003800409B
:103B080012050000FFFFFFFF00000000000000009A
:103B180005000000003001401205000013000000FD
:103B2800003001401205000013010000003C004075
:103B3800120600001A0000000038004012050000BC
:103B48001D00000000380040120500002A00000097
:103B5800003C004012060000FFFFFFFF00000000CD
:103B680000000000060000000030014012050000BF
:103B7800140000000030014012050000140100008C
:103B8800003C0040120600001E0000000038004003
:103B98001205000022000000003800401205000055
:103BA8002B000000003C004012060000FFFFFFFF52
:103BB8000000000000000000070000000030014085
:103BC8001205000015000000003001401205000039
:103BD80015010000003C0040120600001F00000014
:103BE80000380040120500002300000000380040A3
:103BF800120500002C000000003C004012060000E6
:103C0800FFFFFFFF000000000000000000000000B0
:103C180000440040120700000B00000000100140A3
:103C2800120700001D0000000048004012070000B5
:103C38003300000000440040120700003B00000071
:103C48000048004012070000FFFFFFFF00000000CF
:103C580000000000010000000044004012070000BE
:103C68000C00000000100140120700001E000000B8
:103C780000480040120700003400000000440040E3
:103C8800120700003C000000004800401207000036
:103C9800FFFFFFFF0000000000000000010000001F
:103CA800004C0040120800000300000000440040DF
:103CB800120700000A00000000100140120700006F
:103CC8001700000000100140120700001B00000050
:103CD80000480040120700002700000000140140BF
:103CE800120800002B000000004C004012080000E1
:103CF8002B010000004800401207000032000000BD
:103D08000050004012080000360000000044004047
:103D180012070000390000000048004012070000A8
:103D2800FFFFFFFF0000000000000000000000008F
:103D3800004C00401208000002000000004400404F
:103D480012070000090000000010014012070000DF
:103D58001600000000100140120700001A000000C1
:103D6800004800401207000026000000001401402F
:103D7800120800002A000000004C00401208000051
:103D88002A01000000480040120700002C00000033
:103D980000500040120800003500000000440040B8
:103DA8001207000038000000004800401207000019
:103DB800FFFFFFFF000000000000000000000000FF
:103DC800000000401281000000010000000C0040CB
:103DD80012820000010000000000004012010100F2
:103DE80001010000000C0040120201000200000066
:103DF800000000401281010002010000000C004098
:103E080012820100020200000040014012830000FB
:103E1800030000000000004012010200030100003E
:103E2800000C0040120202000302000000400140A2
:103E3800120301000500000000000040128100008C
:103E48000501000000040140128310000600000074
:103E5800000400401282000006010000001C00401F
:103E680012890000070000000000014012811000C4
:103E780007010000000400401202010007020000D0
:103E880000040140128310000703000000200040D6
:103E980012890000080000000000014012810000A3
:103EA8000900000000000140120101000A000000A2
:103EB80000000140128101000B00000000000140D9
:103EC800120102000F0000000000004012810000F3
:103ED8001000000000000140120111001001000054
:103EE800000400401282010010020000000401409A
:103EF800120311001100000000000140128111009E
:103F0800110100000004004012020200110200002A
:103F1800000401401283110013000000000000405B
:103F28001201010014000000000400401282000089
:103F380015000000000400401202010016000000F5
:103F4800000800401282000017000000000800402E
:103F5800120201001800000000080040128201004F
:103F680018010000004401401283000019000000FD
:103F78000008004012020200190100000048014038
:103F8800128300001A0000000000004012810100A6
:103F98001B00000000000040120102001D0000008C
:103FA80000000140128110001E00000000000140C6
:103FB800120111001E01000000040140120311004B
:103FC8001E02000000180040128900001F000000B7
:103FD80000000140128111001F010000000401408F
:103FE800128311001F02000000180040120901008E
:103FF8002600000000040040128200002601000094
:104008000004014012830000270000000004004063
:104018001202010027010000000401401203010000
:10402800280000000004004012820100280100005E
:104038000004014012830100290000000004004030
:1040480012020200290100000004014012030200CC
:104058003C00000000080040128200003D00000003
:1040680000080040120201003E0000000008004065
:10407800128201003F000000000800401202020006
:104088004500000000400140128300004600000087
:1040980000400140120301004800000000000140F8
:1040A8001281100049000000000001401281000048
:1040B8004A00000000000140120111004B000000FE
:1040C80000000140120101004C0000000000014006
:1040D800128111004D000000000001401281010012
:1040E8004E0000000000014012010200FFFFFFFF28
:1040F800000000000000000008000000005C004014
:104108000A04000016000000005400400A040000E1
:1041180018000000005400400A0400001A000000C3
:10412800005800400A040000FFFFFFFF00000000E5
:104138000000000017000000005400400A040000BE
:1041480019000000005400400A0400001B00000091
:10415800005800400A04000029000000005C0040EC
:104168000A040000FFFFFFFF00000000000000003D
:1041780004000000007400400380000005000000F7
:104188000074004003000100FFFFFFFF0000000073
:1041980000000000000000000020014003000000B3
:1041A800000100000021014003000000000200009F
:1041B800002201400300000001000000002001402F
:1041C800038000000101000000210140038000007D
:1041D80001020000002201400380000002000000EC
:1041E80000200140030001000201000000210140FD
:1041F8000300010002020000002201400300010048
:1042080003000000002001400380010003010000BA
:104218000021014003800100030200000022014048
:104228000380010004000000002001400300020098
:104238000401000000210140030002000500000005
:104248000020014003800200050100000021014018
:104258000380020006000000002001400300030064
:1042680006010000002101400300030007000000D0
:1042780000200140038003000701000000210140E5
:104288000380030010000000002001400300040028
:10429800100100000021014003000400110000008B
:1042A80000200140038004001101000000210140AA
:1042B80003800400200000000020014003000500E6
:1042C8002001000000210140030005002002000039
:1042D80000220140030005002100000000200140E9
:1042E8000380050021010000002101400380050032
:1042F8002102000000220140038005002200000086
:1043080000200140030006002201000000210140B6
:1043180003000600220200000022014003000600FC
:104328002300000000200140038006002301000054
:104338000021014003800600230200000022014002
:10434800038006002400000000200140030007004D
:10435800240100000021014003000700250000009F
:1043680000200140038007002501000000210140D2
:1043780003800700FFFFFFFF0000000000000000AF
:104388002C0000002D0000002E0000002F0000006F
:10439800300000003100000032000000330000004F
:1043A800340000003500000036000000370000002F
:1043B80038000000390000003A0000003B0000000F
:1043C8004100000040000000190000001800000033
:1043D8001700000016000000150000001300000080
:1043E80037000000360000003500000034000000EF
:1043F80033000000320000003100000030000000EF
:104408002C0000002B0000002A0000000F00000014
:104418000C0000000B0000000A000000090000006A
:104428000800000029000000280000002700000004
:10443800260000003F0000003E0000003D00000094
:104448003C0000003B0000003A000000390000007A
:10445800380000001F000000420000004300000078
:104468004400000045000000460000002D00000048
:1044780020000000210000002200000023000000AE
:10448800000000000100000002000000030000001E
:1044980004000000050000002400000025000000C2
:1044A80010000000110000000600000007000000D6
:1044B8004700000048000000490000004A000000D2
:1044C8004B0000004C0000004D0000004E000000B2
:1044D8004F0000001A0000001B0000001C00000034
:1044E8001D0000001E000000140000000600070068
:1044F800080000000000000000000000CFCF000806
:104508007DD00008B3CF000883D2000889CF000807
:1045180055D3000899CF0008DDD80008FFD8000857
:1045280034000000CEFBFFFFCB03000001000000B9
:104538000000000035000000CEFBFFFFCB030000A9
:104548000100000000000000BC89D897B2D29C3C52
:1045580033A7A8D523F649393DA7F444FD0FA53262
:104568009D978CCF08BA5B25436FAC642806681109
:10457800002020202020202020202828282828202B
:104588002020202020202020202020202020202023
:10459800208810101010101010101010101010108B
:1045A800100404040404040404040410101010107B
:1045B8001010414141414141010101010101010145
:1045C8000101010101010101010101011010101097
:1045D8001010424242424242020202020202020217
:1045E800020202020202020202020202101010106B
:1045F8002000000000000000000000000000000093
:1046080000000000000000000000000000000000A2
:104618000000000000000000000000000000000092
:104628000000000000000000000000000000000082
:104638000000000000000000000000000000000072
:104648000000000000000000000000000000000062
:104658000000000000000000000000000000000052
:104668000000000000000000000000000000000042
:104678000000000005000000190000007D00000097
:104688000080E03779C34143176E05B5B5B8934646
:10469800F5F93FE9034F384D321D30F94877825A12
:1046A8003CBF737FDD4F1575000000000000F03F30
:1046B80000000000000024400000000000005940F5
:1046C8000000000000408F40000000000088C34048
:1046D80000000000006AF8400000000080842E41BD
:1046E80000000000D01263410000000084D7974109
:1046F8000000000065CDCD41000000205FA002420F
:10470800000000E876483742000000A2941A6D4283
:10471800000040E59C30A2420000901EC4BCD64276
:1047280000003426F56B0C430080E03779C3414321
:1047380000A0D8855734764300C84E676DC1AB4397
:10474800003D9160E458E143408CB5781DAF1544B5
:1047580050EFE2D6E41A4B4492D54D06CFF0804490
:10476800F64AE1C7022DB544B49DD9794378EA44A5
:1047780059F3F8C21F6EA501000000000000F03FC9
:0847880008BAFE7F01000000E9
:104790005BD900082D0F0008D13100081152000824
:0C47A0007D6300083DBF000885D30008C1
:1047AC00090F0008193500082152000815C000082F
:1047BC00010101000000000080969800000000003C
:1047CC0080969800303030640030303A30303A30D7
:1047DC0030000000020000000000803F00C099443F
:1047EC00205F5F5F000201000004475053444F00FC
:1047FC00010000001000000000000000000000009C
:10480C00000000000000000001000000000000009B
:10481C000000000000000000707B0020000002403F
:10482C000004024000080240000C0240001002404C
:10483C000014024000180240001C024000200240FC
:10484C00FFFFFFFF00300240000000000024F400D6
:10485C00000000000000000000000000000000004C
:10486C00000000000000000000000000000000003C
:10487C00000000000000000000000000000000002C
:10488C00000000000000000000000000000000001C
:10489C00000000000000000000000000000000000C
:1048AC0000000000FFFFFFFFFFFFFFFFFFFFFFFF08
:1048BC00FFFFFFFF000600000000000000000000EA
:1048CC00000000000000000000000000E8030000F1
:1048DC0008000000080000000A0000000A000000A8
:1048EC000000000003000000287A002043000000B4
:1048FC0000000000000000000000000000000000AC
:10490C000000000000000000000000004300000058
:10491C00000000000000000000000000000000008B
:10492C000000000000000000000000004300000038
:10493C00000000000000000000000000000000006B
:10494C000000000000000000000000004300000018
:10495C00000000000000000000000000000000004B
:10496C0000000000000000000000000043000000F8
:10497C00000000000000000000000000000000002B
:10498C0000000000000000000000000043000000D8
:10499C00000000000000000000000000000000000B
:1049AC0000000000000000000000000043000000B8
:1049BC0000000000000000000000000000000000EB
:1049CC00000000000000000000000000550301087A
:1049DC00AFF900080000000078450108F82F010825
:1049EC005A2701085A2701085A2701085A27010893
:1049FC005A2701085A2701085A2701085A27010883
:104A0C005A270108FFFFFFFFFFFFFFFFFFFFFFFF1C
:104A1C00FFFF000001004153434949000000000022
:104A2C00000000000000000000000000000000007A
:104A3C000000000000004153434949000000000001
:104A4C00000000000000000000000000000000005A
:104A5C000000000000000000AC020020000000007C
:104A6C00287A0020907A0020F87A002000000000BC
:104A7C00000000000000000000000000000000002A
:104A8C00000000000000000000000000000000001A
:104A9C00000000000000000000000000000000000A
:084AAC00000000000000000002
:040000050800DA8D88
:00000001FF
